checking_status,duration,credit_history,purpose,credit_amount,savings_status,employment,installment_commitment,personal_status,other_parties,residence_since,property_magnitude,age,other_payment_plans,housing,existing_credits,job,num_dependents,own_telephone,foreign_worker,class
1,6.0,5,4,1169.0,5,5,4.0,3,1,4.0,1,67.0,none,own,2.0,skilled,1.0,yes,yes,good
2,48.0,3,4,5951.0,1,3,2.0,2,1,2.0,1,22.0,none,own,1.0,skilled,1.0,none,yes,bad
4,12.0,5,7,2096.0,1,4,2.0,3,1,3.0,1,49.0,none,own,1.0,unskilled resident,2.0,none,yes,good
1,42.0,3,3,7882.0,1,4,2.0,3,3,4.0,2,45.0,none,for free,1.0,skilled,2.0,none,yes,good
1,24.0,4,1,4870.0,1,3,3.0,3,1,4.0,4,53.0,none,for free,2.0,skilled,2.0,none,yes,bad
4,36.0,3,7,9055.0,5,3,2.0,3,1,4.0,4,35.0,none,for free,1.0,unskilled resident,2.0,yes,yes,good
4,24.0,3,3,2835.0,3,5,3.0,3,1,4.0,2,53.0,none,own,1.0,skilled,1.0,none,yes,good
2,36.0,3,2,6948.0,1,3,2.0,3,1,2.0,3,35.0,none,rent,1.0,high qualif/self emp/mgmt,1.0,yes,yes,good
4,12.0,3,4,3059.0,4,4,2.0,1,1,4.0,1,61.0,none,own,1.0,unskilled resident,1.0,none,yes,good
2,30.0,5,1,5234.0,1,1,4.0,4,1,2.0,3,28.0,none,own,2.0,high qualif/self emp/mgmt,1.0,none,yes,bad
2,12.0,3,1,1295.0,1,2,3.0,2,1,1.0,3,25.0,none,rent,1.0,skilled,1.0,none,yes,bad
1,48.0,3,9,4308.0,1,2,3.0,2,1,4.0,2,24.0,none,rent,1.0,skilled,1.0,none,yes,bad
2,12.0,3,4,1567.0,1,3,1.0,2,1,1.0,3,22.0,none,own,1.0,skilled,1.0,yes,yes,good
1,24.0,5,1,1199.0,1,5,4.0,3,1,4.0,3,60.0,none,own,2.0,unskilled resident,1.0,none,yes,bad
1,15.0,3,1,1403.0,1,3,2.0,2,1,4.0,3,28.0,none,rent,1.0,skilled,1.0,none,yes,good
1,24.0,3,4,1282.0,2,3,4.0,2,1,2.0,3,32.0,none,own,1.0,unskilled resident,1.0,none,yes,bad
4,24.0,5,4,2424.0,5,5,4.0,3,1,4.0,2,53.0,none,own,2.0,skilled,1.0,none,yes,good
1,30.0,1,9,8072.0,5,2,2.0,3,1,3.0,3,25.0,bank,own,3.0,skilled,1.0,none,yes,good
2,24.0,3,2,12579.0,1,5,4.0,2,1,2.0,4,44.0,none,for free,1.0,high qualif/self emp/mgmt,1.0,yes,yes,bad
4,24.0,3,4,3430.0,3,5,3.0,3,1,2.0,3,31.0,none,own,1.0,skilled,2.0,yes,yes,good
4,9.0,5,1,2134.0,1,3,4.0,3,1,4.0,3,48.0,none,own,3.0,skilled,1.0,yes,yes,good
1,6.0,3,4,2647.0,3,3,2.0,3,1,3.0,1,44.0,none,rent,1.0,skilled,2.0,none,yes,good
1,10.0,5,1,2241.0,1,2,1.0,3,1,3.0,1,48.0,none,rent,2.0,unskilled resident,2.0,none,no,good
2,12.0,5,2,1804.0,2,2,3.0,3,1,4.0,2,44.0,none,own,1.0,skilled,1.0,none,yes,good
4,10.0,5,3,2069.0,5,3,2.0,4,1,1.0,3,26.0,none,own,2.0,skilled,1.0,none,no,good
1,6.0,3,3,1374.0,1,3,1.0,3,1,2.0,1,36.0,bank,own,1.0,unskilled resident,1.0,yes,yes,good
4,6.0,1,4,426.0,1,5,4.0,4,1,4.0,3,39.0,none,own,1.0,unskilled resident,1.0,none,yes,good
3,12.0,2,4,409.0,4,3,3.0,2,1,3.0,1,42.0,none,rent,2.0,skilled,1.0,none,yes,good
2,7.0,3,4,2415.0,1,3,3.0,3,3,2.0,1,34.0,none,own,1.0,skilled,1.0,none,yes,good
1,60.0,4,9,6836.0,1,5,3.0,3,1,4.0,4,63.0,none,own,2.0,skilled,1.0,yes,yes,bad
2,18.0,3,9,1913.0,4,2,3.0,4,1,3.0,1,36.0,bank,own,1.0,skilled,1.0,yes,yes,good
1,24.0,3,3,4020.0,1,3,2.0,3,1,2.0,3,27.0,stores,own,1.0,skilled,1.0,none,yes,good
2,18.0,3,1,5866.0,2,3,2.0,3,1,2.0,3,30.0,none,own,2.0,skilled,1.0,yes,yes,good
4,12.0,5,9,1264.0,5,5,4.0,3,1,4.0,4,57.0,none,rent,1.0,unskilled resident,1.0,none,yes,good
3,12.0,3,3,1474.0,1,2,4.0,2,1,1.0,2,33.0,bank,own,1.0,high qualif/self emp/mgmt,1.0,yes,yes,good
2,45.0,5,4,4746.0,1,2,4.0,3,1,2.0,2,25.0,none,own,2.0,unskilled resident,1.0,none,yes,bad
4,48.0,5,7,6110.0,1,3,1.0,3,1,3.0,4,31.0,bank,for free,1.0,skilled,1.0,yes,yes,good
3,18.0,3,4,2100.0,1,3,4.0,3,2,2.0,1,37.0,stores,own,1.0,skilled,1.0,none,yes,bad
3,10.0,3,5,1225.0,1,3,2.0,3,1,2.0,3,37.0,none,own,1.0,skilled,1.0,yes,yes,good
2,9.0,3,4,458.0,1,3,4.0,3,1,3.0,1,24.0,none,own,1.0,skilled,1.0,none,yes,good
4,30.0,3,4,2333.0,3,5,4.0,3,1,2.0,3,30.0,bank,own,1.0,high qualif/self emp/mgmt,1.0,none,yes,good
2,12.0,3,4,1158.0,3,3,3.0,1,1,1.0,3,26.0,none,own,1.0,skilled,1.0,yes,yes,good
2,18.0,4,6,6204.0,1,3,2.0,3,1,4.0,1,44.0,none,own,1.0,unskilled resident,2.0,yes,yes,good
1,30.0,5,2,6187.0,2,4,1.0,4,1,4.0,3,24.0,none,rent,2.0,skilled,1.0,none,yes,good
1,48.0,5,2,6143.0,1,5,4.0,2,1,4.0,4,58.0,stores,for free,2.0,unskilled resident,1.0,none,yes,bad
4,11.0,5,1,1393.0,1,2,4.0,2,1,4.0,3,35.0,none,own,2.0,high qualif/self emp/mgmt,1.0,none,yes,good
4,36.0,3,4,2299.0,3,5,4.0,3,1,4.0,3,39.0,none,own,1.0,skilled,1.0,none,yes,good
1,6.0,3,2,1352.0,3,1,1.0,2,1,2.0,2,23.0,none,rent,1.0,unemp/unskilled non res,1.0,yes,yes,good
4,11.0,5,1,7228.0,1,3,1.0,3,1,4.0,2,39.0,none,own,2.0,unskilled resident,1.0,none,yes,good
4,12.0,3,4,2073.0,2,3,4.0,2,2,2.0,1,28.0,none,own,1.0,skilled,1.0,none,yes,good
2,24.0,4,3,2333.0,5,2,4.0,3,1,2.0,2,29.0,bank,own,1.0,unskilled resident,1.0,none,yes,good
2,27.0,4,2,5965.0,1,5,1.0,3,1,2.0,3,30.0,none,own,2.0,high qualif/self emp/mgmt,1.0,yes,yes,good
4,12.0,3,4,1262.0,1,3,3.0,3,1,2.0,3,25.0,none,own,1.0,skilled,1.0,none,yes,good
4,18.0,3,2,3378.0,5,3,2.0,3,1,1.0,2,31.0,none,own,1.0,skilled,1.0,yes,yes,good
2,36.0,4,1,2225.0,1,5,4.0,3,1,4.0,4,57.0,bank,for free,2.0,skilled,1.0,yes,yes,bad
4,6.0,2,1,783.0,5,3,1.0,3,3,2.0,1,26.0,stores,own,1.0,unskilled resident,2.0,none,yes,good
2,12.0,3,4,6468.0,5,1,2.0,3,1,1.0,4,52.0,none,own,1.0,high qualif/self emp/mgmt,1.0,yes,yes,bad
4,36.0,5,4,9566.0,1,3,2.0,2,1,2.0,3,31.0,stores,own,2.0,skilled,1.0,none,yes,good
3,18.0,3,1,1961.0,1,5,3.0,2,1,2.0,3,23.0,none,own,1.0,high qualif/self emp/mgmt,1.0,none,yes,good
1,36.0,5,3,6229.0,1,2,4.0,2,2,4.0,4,23.0,none,rent,2.0,unskilled resident,1.0,yes,yes,bad
2,9.0,3,9,1391.0,1,3,2.0,4,1,1.0,1,27.0,bank,own,1.0,skilled,1.0,yes,yes,good
2,15.0,5,4,1537.0,5,5,4.0,3,3,4.0,1,50.0,none,own,2.0,skilled,1.0,yes,yes,good
2,36.0,1,9,1953.0,1,5,4.0,3,1,4.0,4,61.0,none,for free,1.0,high qualif/self emp/mgmt,1.0,yes,yes,bad
2,48.0,1,9,14421.0,1,3,2.0,3,1,2.0,3,25.0,none,own,1.0,skilled,1.0,yes,yes,bad
4,24.0,3,4,3181.0,1,2,4.0,2,1,4.0,2,26.0,none,own,1.0,skilled,1.0,yes,yes,good
4,27.0,3,6,5190.0,5,5,4.0,3,1,4.0,2,48.0,none,own,4.0,skilled,2.0,yes,yes,good
4,12.0,3,4,2171.0,1,2,2.0,2,1,2.0,3,29.0,bank,own,1.0,skilled,1.0,none,yes,good
2,12.0,3,1,1007.0,4,3,4.0,4,1,1.0,1,22.0,none,own,1.0,skilled,1.0,none,yes,good
4,36.0,3,7,1819.0,1,3,4.0,3,1,4.0,4,37.0,stores,for free,1.0,skilled,1.0,yes,yes,bad
4,36.0,3,4,2394.0,5,3,4.0,2,1,4.0,3,25.0,none,own,1.0,skilled,1.0,none,yes,good
4,36.0,3,2,8133.0,1,3,1.0,2,1,2.0,2,30.0,bank,own,1.0,skilled,1.0,none,yes,good
4,7.0,5,4,730.0,5,5,4.0,3,1,2.0,2,46.0,none,rent,2.0,unskilled resident,1.0,yes,yes,good
1,8.0,5,10,1164.0,1,5,3.0,3,1,4.0,4,51.0,bank,for free,2.0,high qualif/self emp/mgmt,2.0,yes,yes,good
2,42.0,5,9,5954.0,1,4,2.0,2,1,1.0,1,41.0,bank,own,2.0,unskilled resident,1.0,none,yes,good
1,36.0,3,7,1977.0,5,5,4.0,3,1,4.0,4,40.0,none,own,1.0,high qualif/self emp/mgmt,1.0,yes,yes,bad
1,12.0,5,2,1526.0,1,5,4.0,3,1,4.0,4,66.0,none,for free,2.0,high qualif/self emp/mgmt,1.0,none,yes,good
1,42.0,3,4,3965.0,1,2,4.0,3,1,3.0,3,34.0,none,own,1.0,skilled,1.0,none,yes,bad
2,11.0,4,4,4771.0,1,4,2.0,3,1,4.0,2,51.0,none,own,1.0,skilled,1.0,none,yes,good
4,54.0,1,2,9436.0,5,3,2.0,3,1,2.0,2,39.0,none,own,1.0,unskilled resident,2.0,none,yes,good
2,30.0,3,3,3832.0,1,2,2.0,4,1,1.0,2,22.0,none,own,1.0,skilled,1.0,none,yes,good
4,24.0,3,4,5943.0,5,2,1.0,2,1,1.0,3,44.0,none,own,2.0,skilled,1.0,yes,yes,bad
4,15.0,3,4,1213.0,3,5,4.0,3,1,3.0,2,47.0,stores,own,1.0,skilled,1.0,yes,yes,good
4,18.0,3,9,1568.0,2,3,3.0,2,1,4.0,2,24.0,none,rent,1.0,unskilled resident,1.0,none,yes,good
1,24.0,3,10,1755.0,1,5,4.0,2,3,4.0,1,58.0,none,own,1.0,unskilled resident,1.0,yes,yes,good
1,10.0,3,4,2315.0,1,5,3.0,3,1,4.0,1,52.0,none,own,1.0,unskilled resident,1.0,none,yes,good
4,12.0,5,9,1412.0,1,3,4.0,2,3,2.0,1,29.0,none,own,2.0,high qualif/self emp/mgmt,1.0,yes,yes,good
2,18.0,5,3,1295.0,1,2,4.0,2,1,1.0,2,27.0,none,own,2.0,skilled,1.0,none,yes,good
2,36.0,3,7,12612.0,2,3,1.0,3,1,4.0,4,47.0,none,for free,1.0,skilled,2.0,yes,yes,bad
1,18.0,3,1,2249.0,2,4,4.0,3,1,3.0,3,30.0,none,own,1.0,high qualif/self emp/mgmt,2.0,yes,yes,good
1,12.0,1,6,1108.0,1,4,4.0,3,1,3.0,1,28.0,none,own,2.0,skilled,1.0,none,yes,bad
4,12.0,5,4,618.0,1,5,4.0,3,1,4.0,1,56.0,none,own,1.0,skilled,1.0,none,yes,good
1,12.0,5,2,1409.0,1,5,4.0,3,1,3.0,1,54.0,none,own,1.0,skilled,1.0,none,yes,good
4,12.0,5,4,797.0,5,5,4.0,2,1,3.0,2,33.0,bank,own,1.0,unskilled resident,2.0,none,yes,bad
3,24.0,5,3,3617.0,5,5,4.0,3,2,4.0,4,20.0,none,rent,2.0,skilled,1.0,none,yes,good
2,12.0,3,1,1318.0,4,5,4.0,3,1,4.0,1,54.0,none,own,1.0,skilled,1.0,yes,yes,good
2,54.0,1,9,15945.0,1,2,3.0,3,1,4.0,4,58.0,none,rent,1.0,skilled,1.0,yes,yes,bad
4,12.0,5,7,2012.0,5,4,4.0,2,1,2.0,3,61.0,none,own,1.0,skilled,1.0,none,yes,good
2,18.0,3,9,2622.0,2,3,4.0,3,1,4.0,3,34.0,none,own,1.0,skilled,1.0,none,yes,good
2,36.0,5,4,2337.0,1,5,4.0,3,1,4.0,1,36.0,none,own,1.0,skilled,1.0,none,yes,good
2,20.0,4,2,7057.0,5,4,3.0,3,1,4.0,2,36.0,bank,rent,2.0,high qualif/self emp/mgmt,2.0,yes,yes,good
4,24.0,3,1,1469.0,2,5,4.0,4,1,4.0,1,41.0,none,rent,1.0,unskilled resident,1.0,none,yes,good
2,36.0,3,4,2323.0,1,4,4.0,3,1,4.0,3,24.0,none,rent,1.0,skilled,1.0,none,yes,good
4,6.0,4,4,932.0,1,3,3.0,2,1,2.0,1,24.0,none,own,1.0,skilled,1.0,none,yes,good
2,9.0,5,3,1919.0,1,4,4.0,3,1,3.0,3,35.0,none,rent,1.0,skilled,1.0,yes,yes,good
4,12.0,3,2,2445.0,5,2,2.0,4,1,4.0,3,26.0,none,rent,1.0,skilled,1.0,yes,yes,good
2,24.0,5,10,11938.0,1,3,2.0,3,2,3.0,3,39.0,none,own,2.0,high qualif/self emp/mgmt,2.0,yes,yes,bad
4,18.0,2,1,6458.0,1,5,2.0,3,1,4.0,4,39.0,bank,own,2.0,high qualif/self emp/mgmt,2.0,yes,yes,bad
2,12.0,3,1,6078.0,1,4,2.0,3,1,2.0,3,32.0,none,own,1.0,skilled,1.0,none,yes,good
1,24.0,3,3,7721.0,5,2,1.0,2,1,2.0,2,30.0,none,own,1.0,skilled,1.0,yes,no,good
2,14.0,3,9,1410.0,3,5,1.0,4,1,2.0,1,35.0,none,own,1.0,skilled,1.0,yes,yes,good
2,6.0,4,9,1449.0,2,5,1.0,1,1,2.0,3,31.0,bank,own,2.0,skilled,2.0,none,yes,good
3,15.0,3,7,392.0,1,2,4.0,2,1,4.0,2,23.0,none,rent,1.0,skilled,1.0,yes,yes,good
2,18.0,3,1,6260.0,1,4,3.0,3,1,3.0,1,28.0,none,rent,1.0,unskilled resident,1.0,none,yes,good
4,36.0,5,1,7855.0,1,3,4.0,2,1,2.0,1,25.0,stores,own,2.0,skilled,1.0,yes,yes,bad
1,12.0,3,4,1680.0,3,5,3.0,4,1,1.0,1,35.0,none,own,1.0,skilled,1.0,none,yes,good
4,48.0,5,4,3578.0,5,5,4.0,3,1,1.0,1,47.0,none,own,1.0,skilled,1.0,yes,yes,good
1,42.0,3,4,7174.0,5,4,4.0,2,1,3.0,3,30.0,none,own,1.0,high qualif/self emp/mgmt,1.0,yes,yes,bad
1,10.0,5,3,2132.0,5,2,2.0,2,2,3.0,1,27.0,none,rent,2.0,skilled,1.0,none,no,good
1,33.0,5,3,4281.0,3,3,1.0,2,1,4.0,3,23.0,none,own,2.0,skilled,1.0,none,yes,bad
2,12.0,5,1,2366.0,3,4,3.0,1,1,3.0,3,36.0,none,own,1.0,high qualif/self emp/mgmt,1.0,yes,yes,good
1,21.0,3,4,1835.0,1,3,3.0,2,1,2.0,1,25.0,none,own,2.0,skilled,1.0,yes,yes,bad
4,24.0,5,2,3868.0,1,5,4.0,2,1,2.0,3,41.0,none,rent,2.0,high qualif/self emp/mgmt,1.0,yes,yes,good
4,12.0,3,3,1768.0,1,3,3.0,3,1,2.0,1,24.0,none,rent,1.0,unskilled resident,1.0,none,yes,good
3,10.0,5,1,781.0,1,5,4.0,3,1,4.0,4,63.0,none,for free,2.0,skilled,1.0,yes,yes,good
2,18.0,3,3,1924.0,5,2,4.0,2,1,3.0,1,27.0,none,rent,1.0,skilled,1.0,none,yes,bad
1,12.0,5,1,2121.0,1,3,4.0,3,1,2.0,2,30.0,none,own,2.0,skilled,1.0,none,yes,good
1,12.0,3,4,701.0,1,3,4.0,4,1,2.0,1,40.0,none,own,1.0,unskilled resident,1.0,none,yes,good
2,12.0,3,6,639.0,1,3,4.0,3,1,2.0,3,30.0,none,own,1.0,skilled,1.0,none,yes,bad
2,12.0,5,2,1860.0,1,1,4.0,3,1,2.0,3,34.0,none,own,2.0,high qualif/self emp/mgmt,1.0,yes,yes,good
1,12.0,5,1,3499.0,1,3,3.0,2,2,2.0,1,29.0,none,own,2.0,skilled,1.0,none,yes,bad
2,48.0,3,1,8487.0,5,4,1.0,2,1,2.0,3,24.0,none,own,1.0,skilled,1.0,none,yes,good
1,36.0,4,7,6887.0,1,3,4.0,3,1,3.0,2,29.0,stores,own,1.0,skilled,1.0,yes,yes,bad
4,15.0,3,3,2708.0,1,2,2.0,3,1,3.0,2,27.0,bank,own,2.0,unskilled resident,1.0,none,yes,good
4,18.0,3,3,1984.0,1,3,4.0,3,1,4.0,4,47.0,bank,for free,2.0,skilled,1.0,none,yes,good
4,60.0,3,4,10144.0,2,4,2.0,2,1,4.0,1,21.0,none,own,1.0,skilled,1.0,yes,yes,good
4,12.0,5,4,1240.0,5,5,4.0,2,1,2.0,1,38.0,none,own,2.0,skilled,1.0,yes,yes,good
4,27.0,4,2,8613.0,4,3,2.0,3,1,2.0,3,27.0,none,own,2.0,skilled,1.0,none,yes,good
2,12.0,3,4,766.0,3,3,4.0,3,1,3.0,1,66.0,none,own,1.0,unskilled resident,1.0,none,yes,bad
2,15.0,5,4,2728.0,5,4,4.0,3,3,2.0,1,35.0,bank,own,3.0,skilled,1.0,yes,yes,good
3,12.0,3,4,1881.0,1,3,2.0,2,1,2.0,3,44.0,none,rent,1.0,unskilled resident,1.0,yes,yes,good
3,6.0,3,1,709.0,4,2,2.0,4,1,2.0,1,27.0,none,own,1.0,unemp/unskilled non res,1.0,none,no,good
2,36.0,3,4,4795.0,1,2,4.0,2,1,1.0,4,30.0,none,own,1.0,high qualif/self emp/mgmt,1.0,yes,yes,good
1,27.0,3,4,3416.0,1,3,3.0,3,1,2.0,3,27.0,none,own,1.0,high qualif/self emp/mgmt,1.0,none,yes,good
1,18.0,3,3,2462.0,1,3,2.0,3,1,2.0,3,22.0,none,own,1.0,skilled,1.0,none,yes,bad
4,21.0,5,3,2288.0,1,2,4.0,2,1,4.0,2,23.0,none,own,1.0,skilled,1.0,yes,yes,good
2,48.0,2,9,3566.0,2,4,4.0,3,1,2.0,3,30.0,none,own,1.0,skilled,1.0,none,yes,good
1,6.0,5,1,860.0,1,5,1.0,2,1,4.0,4,39.0,none,own,2.0,skilled,1.0,yes,yes,good
4,12.0,5,1,682.0,2,4,4.0,2,1,3.0,3,51.0,none,own,2.0,skilled,1.0,yes,yes,good
1,36.0,5,3,5371.0,1,3,3.0,3,3,2.0,2,28.0,none,own,2.0,skilled,1.0,none,yes,good
4,18.0,5,4,1582.0,4,5,4.0,3,1,4.0,3,46.0,none,own,2.0,skilled,1.0,none,yes,good
4,6.0,3,4,1346.0,2,5,2.0,3,1,4.0,4,42.0,bank,for free,1.0,skilled,2.0,yes,yes,good
4,10.0,3,4,1924.0,1,3,1.0,3,1,4.0,2,38.0,none,own,1.0,skilled,1.0,yes,no,good
3,36.0,3,4,5848.0,1,3,4.0,3,1,1.0,3,24.0,none,own,1.0,skilled,1.0,none,yes,good
2,24.0,5,2,7758.0,4,5,2.0,2,1,4.0,4,29.0,none,rent,1.0,skilled,1.0,none,yes,good
2,24.0,4,9,6967.0,2,4,4.0,3,1,4.0,3,36.0,none,rent,1.0,high qualif/self emp/mgmt,1.0,yes,yes,good
1,12.0,3,3,1282.0,1,3,2.0,2,1,4.0,3,20.0,none,rent,1.0,skilled,1.0,none,yes,bad
1,9.0,5,6,1288.0,2,5,3.0,3,3,4.0,1,48.0,none,own,2.0,skilled,2.0,none,no,good
1,12.0,2,8,339.0,1,5,4.0,4,1,1.0,3,45.0,bank,own,1.0,unskilled resident,1.0,none,yes,good
2,24.0,3,1,3512.0,2,4,2.0,3,1,3.0,3,38.0,bank,own,2.0,skilled,1.0,yes,yes,good
4,6.0,5,4,1898.0,5,3,1.0,3,1,2.0,1,34.0,none,own,2.0,unskilled resident,2.0,none,yes,good
4,24.0,5,4,2872.0,2,5,3.0,3,1,4.0,1,36.0,none,own,1.0,skilled,2.0,yes,yes,good
4,18.0,5,1,1055.0,1,2,4.0,2,1,1.0,2,30.0,none,own,2.0,skilled,1.0,none,yes,good
4,15.0,3,5,1262.0,3,4,4.0,3,1,3.0,2,36.0,none,own,2.0,skilled,1.0,yes,yes,good
2,10.0,3,1,7308.0,1,1,2.0,3,1,4.0,4,70.0,bank,for free,1.0,high qualif/self emp/mgmt,1.0,yes,yes,good
4,36.0,3,1,909.0,3,5,4.0,3,1,4.0,2,36.0,none,own,1.0,skilled,1.0,none,yes,good
4,6.0,3,3,2978.0,3,3,1.0,3,1,2.0,3,32.0,none,own,1.0,skilled,1.0,yes,yes,good
1,18.0,3,3,1131.0,1,1,4.0,2,1,2.0,3,33.0,none,own,1.0,skilled,1.0,none,yes,bad
2,11.0,3,3,1577.0,4,2,4.0,2,1,1.0,1,20.0,none,own,1.0,skilled,1.0,none,yes,good
4,24.0,3,3,3972.0,1,4,2.0,2,1,4.0,2,25.0,none,rent,1.0,skilled,1.0,yes,yes,good
2,24.0,5,9,1935.0,1,5,4.0,1,1,4.0,1,31.0,none,own,2.0,skilled,1.0,yes,yes,bad
1,15.0,1,1,950.0,1,5,4.0,3,1,3.0,3,33.0,none,rent,2.0,skilled,2.0,none,yes,bad
4,12.0,3,3,763.0,1,3,4.0,2,1,1.0,1,26.0,none,own,1.0,skilled,1.0,yes,yes,good
2,24.0,4,3,2064.0,1,1,3.0,2,1,2.0,2,34.0,none,own,1.0,high qualif/self emp/mgmt,1.0,yes,yes,bad
2,8.0,3,4,1414.0,1,3,4.0,3,3,2.0,1,33.0,none,own,1.0,skilled,1.0,none,no,good
1,21.0,4,7,3414.0,1,2,2.0,3,1,1.0,2,26.0,none,own,2.0,skilled,1.0,none,yes,bad
4,30.0,2,2,7485.0,5,1,4.0,2,1,1.0,1,53.0,bank,own,1.0,high qualif/self emp/mgmt,1.0,yes,yes,bad
1,12.0,3,3,2577.0,1,3,2.0,1,1,1.0,3,42.0,none,own,1.0,skilled,1.0,none,yes,good
1,6.0,5,4,338.0,3,5,4.0,3,1,4.0,3,52.0,none,own,2.0,skilled,1.0,none,yes,good
4,12.0,3,4,1963.0,1,4,4.0,3,1,2.0,3,31.0,none,rent,2.0,high qualif/self emp/mgmt,2.0,yes,yes,good
1,21.0,5,1,571.0,1,5,4.0,3,1,4.0,1,65.0,none,own,2.0,skilled,1.0,none,yes,good
4,36.0,4,9,9572.0,1,2,1.0,1,1,1.0,3,28.0,none,own,2.0,skilled,1.0,none,yes,bad
2,36.0,4,9,4455.0,1,3,2.0,1,1,2.0,1,30.0,stores,own,2.0,high qualif/self emp/mgmt,1.0,yes,yes,bad
1,21.0,2,1,1647.0,5,3,4.0,3,1,2.0,2,40.0,none,own,2.0,unskilled resident,2.0,none,yes,bad
4,24.0,5,3,3777.0,4,3,4.0,3,1,4.0,1,50.0,none,own,1.0,skilled,1.0,yes,yes,good
2,18.0,5,1,884.0,1,5,4.0,3,1,4.0,3,36.0,bank,own,1.0,skilled,2.0,yes,yes,bad
4,15.0,5,4,1360.0,1,3,4.0,3,1,2.0,2,31.0,none,own,2.0,skilled,1.0,none,yes,good
2,9.0,2,2,5129.0,1,5,2.0,2,1,4.0,4,74.0,bank,for free,1.0,high qualif/self emp/mgmt,2.0,yes,yes,bad
2,16.0,5,1,1175.0,1,1,2.0,3,1,3.0,3,68.0,none,for free,3.0,unemp/unskilled non res,1.0,yes,yes,good
1,12.0,3,4,674.0,2,4,4.0,4,1,1.0,2,20.0,none,own,1.0,skilled,1.0,none,yes,bad
2,18.0,1,3,3244.0,1,3,1.0,2,1,4.0,3,33.0,bank,own,2.0,skilled,1.0,yes,yes,good
4,24.0,3,9,4591.0,4,3,2.0,3,1,3.0,2,54.0,none,own,3.0,high qualif/self emp/mgmt,1.0,yes,yes,bad
2,48.0,1,9,3844.0,2,4,4.0,3,1,4.0,4,34.0,none,for free,1.0,unskilled resident,2.0,none,yes,bad
2,27.0,3,9,3915.0,1,3,4.0,3,1,2.0,3,36.0,none,own,1.0,skilled,2.0,yes,yes,bad
4,6.0,3,4,2108.0,1,4,2.0,4,1,2.0,1,29.0,none,rent,1.0,skilled,1.0,none,yes,good
2,45.0,3,4,3031.0,2,3,4.0,3,3,4.0,2,21.0,none,rent,1.0,skilled,1.0,none,yes,bad
2,9.0,5,7,1501.0,1,5,2.0,2,1,3.0,3,34.0,none,own,2.0,high qualif/self emp/mgmt,1.0,yes,yes,bad
4,6.0,5,4,1382.0,1,3,1.0,2,1,1.0,3,28.0,none,own,2.0,skilled,1.0,yes,yes,good
2,12.0,3,3,951.0,2,2,4.0,2,1,4.0,3,27.0,bank,rent,4.0,skilled,1.0,none,yes,bad
2,24.0,3,2,2760.0,5,5,4.0,3,1,4.0,4,36.0,bank,for free,1.0,skilled,1.0,yes,yes,good
2,18.0,4,3,4297.0,1,5,4.0,1,1,3.0,4,40.0,none,own,1.0,high qualif/self emp/mgmt,1.0,yes,yes,bad
4,9.0,5,7,936.0,3,5,4.0,3,1,2.0,3,52.0,none,own,2.0,skilled,1.0,yes,yes,good
1,12.0,3,1,1168.0,1,3,4.0,4,1,3.0,1,27.0,none,own,1.0,unskilled resident,1.0,none,yes,good
4,27.0,4,9,5117.0,1,4,3.0,3,1,4.0,3,26.0,none,own,2.0,skilled,1.0,none,yes,good
1,12.0,3,8,902.0,1,4,4.0,4,1,4.0,2,21.0,none,rent,1.0,skilled,1.0,none,yes,bad
4,12.0,5,1,1495.0,1,5,4.0,3,1,1.0,1,38.0,none,own,2.0,unskilled resident,2.0,none,yes,good
1,30.0,5,2,10623.0,1,5,3.0,3,1,4.0,4,38.0,none,for free,3.0,high qualif/self emp/mgmt,2.0,yes,yes,good
4,12.0,5,3,1935.0,1,5,4.0,3,1,4.0,1,43.0,none,own,3.0,skilled,1.0,yes,yes,good
2,12.0,5,5,1424.0,1,4,4.0,3,1,3.0,2,26.0,none,own,1.0,skilled,1.0,none,yes,good
1,24.0,3,9,6568.0,1,3,2.0,4,1,2.0,3,21.0,stores,own,1.0,unskilled resident,1.0,none,yes,good
4,12.0,3,2,1413.0,4,4,3.0,3,1,2.0,2,55.0,none,own,1.0,skilled,1.0,none,no,good
4,9.0,5,4,3074.0,5,3,1.0,3,1,2.0,1,33.0,none,own,2.0,skilled,2.0,none,yes,good
4,36.0,3,4,3835.0,5,5,2.0,2,1,4.0,1,45.0,none,own,1.0,unskilled resident,1.0,yes,yes,good
1,27.0,1,9,5293.0,1,1,2.0,3,1,4.0,2,50.0,stores,own,2.0,skilled,1.0,yes,yes,bad
3,30.0,4,9,1908.0,1,5,4.0,3,1,4.0,1,66.0,none,own,1.0,high qualif/self emp/mgmt,1.0,yes,yes,bad
4,36.0,5,4,3342.0,5,5,4.0,3,1,2.0,3,51.0,none,own,1.0,skilled,1.0,yes,yes,good
2,6.0,5,8,932.0,5,4,1.0,2,1,3.0,2,39.0,none,own,2.0,unskilled resident,1.0,none,yes,good
1,18.0,1,9,3104.0,1,4,3.0,3,1,1.0,2,31.0,bank,own,1.0,skilled,1.0,yes,yes,good
3,36.0,3,4,3913.0,1,3,2.0,3,1,2.0,1,23.0,none,own,1.0,skilled,1.0,yes,yes,good
1,24.0,3,3,3021.0,1,3,2.0,1,1,2.0,1,24.0,none,rent,1.0,unskilled resident,1.0,none,yes,good
4,10.0,3,1,1364.0,1,3,2.0,2,1,4.0,3,64.0,none,own,1.0,skilled,1.0,yes,yes,good
2,12.0,3,4,625.0,1,2,4.0,4,3,1.0,1,26.0,bank,own,1.0,unskilled resident,1.0,none,yes,good
1,12.0,3,7,1200.0,5,3,4.0,2,1,4.0,2,23.0,bank,rent,1.0,skilled,1.0,yes,yes,good
4,12.0,3,4,707.0,1,3,4.0,3,1,2.0,1,30.0,bank,own,2.0,skilled,1.0,none,yes,good
4,24.0,4,9,2978.0,5,3,4.0,3,1,4.0,1,32.0,none,own,2.0,skilled,2.0,yes,yes,good
4,15.0,3,2,4657.0,1,3,3.0,3,1,2.0,3,30.0,none,own,1.0,skilled,1.0,yes,yes,good
4,36.0,1,6,2613.0,1,3,4.0,3,1,2.0,3,27.0,none,own,2.0,skilled,1.0,none,yes,good
2,48.0,3,4,10961.0,4,4,1.0,3,2,2.0,4,27.0,bank,own,2.0,skilled,1.0,yes,yes,bad
1,12.0,3,3,7865.0,1,5,4.0,3,1,4.0,4,53.0,none,for free,1.0,high qualif/self emp/mgmt,1.0,yes,yes,bad
4,9.0,3,4,1478.0,1,4,4.0,3,1,2.0,3,22.0,none,own,1.0,skilled,1.0,none,yes,bad
1,24.0,3,3,3149.0,1,2,4.0,3,1,1.0,4,22.0,bank,for free,1.0,skilled,1.0,none,yes,good
3,36.0,3,4,4210.0,1,3,4.0,3,1,2.0,3,26.0,none,own,1.0,skilled,1.0,none,yes,bad
4,9.0,3,1,2507.0,3,5,2.0,3,1,4.0,4,51.0,none,for free,1.0,unskilled resident,1.0,none,yes,good
4,12.0,3,4,2141.0,2,4,3.0,3,1,1.0,4,35.0,none,own,1.0,skilled,1.0,none,yes,good
2,18.0,3,4,866.0,1,3,4.0,4,3,2.0,1,25.0,none,own,1.0,unskilled resident,1.0,none,yes,good
4,4.0,5,4,1544.0,1,4,2.0,3,1,1.0,1,42.0,none,own,3.0,unskilled resident,2.0,none,yes,good
1,24.0,3,4,1823.0,1,1,4.0,3,1,2.0,3,30.0,stores,own,1.0,high qualif/self emp/mgmt,2.0,none,yes,bad
2,6.0,3,1,14555.0,5,1,1.0,3,1,2.0,2,23.0,none,own,1.0,unemp/unskilled non res,1.0,yes,yes,bad
2,21.0,3,9,2767.0,2,5,4.0,1,1,2.0,3,61.0,bank,rent,2.0,unskilled resident,1.0,none,yes,bad
4,12.0,5,4,1291.0,1,3,4.0,2,1,2.0,2,35.0,none,own,2.0,skilled,1.0,none,yes,good
1,30.0,3,4,2522.0,1,5,1.0,3,3,3.0,2,39.0,none,own,1.0,skilled,2.0,none,yes,good
1,24.0,3,1,915.0,5,5,4.0,2,1,2.0,3,29.0,bank,own,1.0,skilled,1.0,none,yes,bad
4,6.0,3,4,1595.0,1,4,3.0,3,1,2.0,2,51.0,none,own,1.0,skilled,2.0,none,yes,good
1,48.0,1,2,4605.0,1,5,3.0,3,1,4.0,4,24.0,none,for free,2.0,skilled,2.0,none,yes,bad
4,12.0,5,9,1185.0,1,3,3.0,2,1,2.0,1,27.0,none,own,2.0,skilled,1.0,none,yes,good
4,12.0,2,8,3447.0,3,3,4.0,2,1,3.0,1,35.0,none,own,1.0,unskilled resident,2.0,none,yes,good
4,24.0,3,9,1258.0,1,4,4.0,3,1,1.0,1,25.0,none,own,1.0,skilled,1.0,yes,yes,good
4,12.0,5,4,717.0,1,5,4.0,3,1,4.0,1,52.0,none,own,3.0,skilled,1.0,none,yes,good
4,6.0,1,1,1204.0,2,3,4.0,3,1,1.0,4,35.0,bank,rent,1.0,skilled,1.0,none,no,good
3,24.0,3,3,1925.0,1,3,2.0,3,1,2.0,1,26.0,none,own,1.0,skilled,1.0,none,yes,good
4,18.0,3,4,433.0,1,1,3.0,2,2,4.0,1,22.0,none,rent,1.0,skilled,1.0,none,yes,bad
1,6.0,5,1,666.0,4,4,3.0,2,1,4.0,1,39.0,none,own,2.0,unskilled resident,1.0,yes,yes,good
3,12.0,3,3,2251.0,1,3,1.0,2,1,2.0,3,46.0,none,own,1.0,unskilled resident,1.0,none,yes,good
2,30.0,3,1,2150.0,1,3,4.0,2,3,2.0,4,24.0,bank,own,1.0,skilled,1.0,none,yes,bad
4,24.0,4,3,4151.0,2,3,2.0,3,1,3.0,2,35.0,none,own,2.0,skilled,1.0,none,yes,good
2,9.0,3,3,2030.0,5,4,2.0,3,1,1.0,3,24.0,none,own,1.0,skilled,1.0,yes,yes,good
2,60.0,4,4,7418.0,5,3,1.0,3,1,1.0,1,27.0,none,own,1.0,unskilled resident,1.0,none,yes,good
4,24.0,5,4,2684.0,1,3,4.0,3,1,2.0,1,35.0,none,own,2.0,unskilled resident,1.0,none,yes,good
1,12.0,2,4,2149.0,1,3,4.0,1,1,1.0,4,29.0,none,for free,1.0,skilled,1.0,none,yes,bad
4,15.0,3,2,3812.0,2,2,1.0,2,1,4.0,3,23.0,none,own,1.0,skilled,1.0,yes,yes,good
4,11.0,5,4,1154.0,2,1,4.0,2,1,4.0,1,57.0,none,own,3.0,unskilled resident,1.0,none,yes,good
1,12.0,3,3,1657.0,1,3,2.0,3,1,2.0,1,27.0,none,own,1.0,skilled,1.0,none,yes,good
1,24.0,3,4,1603.0,1,5,4.0,2,1,4.0,3,55.0,none,own,1.0,skilled,1.0,none,yes,good
1,18.0,5,1,5302.0,1,5,2.0,3,1,4.0,4,36.0,none,for free,3.0,high qualif/self emp/mgmt,1.0,yes,yes,good
4,12.0,5,7,2748.0,1,5,2.0,2,1,4.0,4,57.0,bank,for free,3.0,unskilled resident,1.0,none,yes,good
4,10.0,5,1,1231.0,1,5,3.0,3,1,4.0,1,32.0,none,own,2.0,unskilled resident,2.0,none,no,good
2,15.0,3,4,802.0,1,5,4.0,3,1,3.0,3,37.0,none,own,1.0,skilled,2.0,none,yes,bad
4,36.0,5,9,6304.0,5,5,4.0,3,1,4.0,1,36.0,none,own,2.0,skilled,1.0,none,yes,good
4,24.0,3,4,1533.0,1,2,4.0,2,1,3.0,3,38.0,stores,own,1.0,skilled,1.0,yes,yes,good
1,14.0,3,1,8978.0,1,5,1.0,1,1,4.0,2,45.0,none,own,1.0,high qualif/self emp/mgmt,1.0,yes,no,bad
4,24.0,3,4,999.0,5,5,4.0,3,1,2.0,3,25.0,none,own,2.0,skilled,1.0,none,yes,good
4,18.0,3,1,2662.0,5,4,4.0,3,1,3.0,2,32.0,none,own,1.0,skilled,1.0,none,no,good
4,12.0,5,3,1402.0,3,4,3.0,2,1,4.0,3,37.0,none,rent,1.0,skilled,1.0,yes,yes,good
2,48.0,2,1,12169.0,5,1,4.0,3,2,4.0,4,36.0,none,for free,1.0,high qualif/self emp/mgmt,1.0,yes,yes,good
2,48.0,3,4,3060.0,1,4,4.0,3,1,4.0,1,28.0,none,own,2.0,skilled,1.0,none,yes,bad
1,30.0,3,6,11998.0,1,2,1.0,1,1,1.0,4,34.0,none,own,1.0,unskilled resident,1.0,yes,yes,bad
4,9.0,3,4,2697.0,1,3,1.0,3,1,2.0,1,32.0,none,own,1.0,skilled,2.0,none,yes,good
4,18.0,5,4,2404.0,1,3,2.0,2,1,2.0,3,26.0,none,own,2.0,skilled,1.0,none,yes,good
1,12.0,3,3,1262.0,5,5,2.0,1,1,4.0,2,49.0,none,own,1.0,unskilled resident,1.0,yes,yes,good
4,6.0,3,3,4611.0,1,2,1.0,2,1,4.0,2,32.0,none,own,1.0,skilled,1.0,none,yes,bad
4,24.0,3,4,1901.0,2,3,4.0,3,1,4.0,3,29.0,none,rent,1.0,high qualif/self emp/mgmt,1.0,yes,yes,good
4,15.0,5,2,3368.0,4,5,3.0,3,1,4.0,4,23.0,none,rent,2.0,skilled,1.0,yes,yes,good
4,12.0,3,3,1574.0,1,3,4.0,3,1,2.0,1,50.0,none,own,1.0,skilled,1.0,none,yes,good
3,18.0,2,4,1445.0,5,4,4.0,3,1,4.0,3,49.0,bank,own,1.0,unskilled resident,1.0,none,yes,good
4,15.0,5,3,1520.0,5,5,4.0,3,1,4.0,2,63.0,none,own,1.0,skilled,1.0,none,yes,good
2,24.0,5,1,3878.0,2,2,4.0,1,1,2.0,3,37.0,none,own,1.0,skilled,1.0,yes,yes,good
1,47.0,3,1,10722.0,1,2,1.0,2,1,1.0,1,35.0,none,own,1.0,unskilled resident,1.0,yes,yes,good
1,48.0,3,2,4788.0,1,4,4.0,3,1,3.0,2,26.0,none,own,1.0,skilled,2.0,none,yes,good
2,48.0,4,10,7582.0,2,1,2.0,3,1,4.0,4,31.0,none,for free,1.0,high qualif/self emp/mgmt,1.0,yes,yes,good
2,12.0,3,4,1092.0,1,3,4.0,2,3,4.0,1,49.0,none,own,2.0,skilled,1.0,yes,yes,good
1,24.0,4,4,1024.0,1,2,4.0,4,1,4.0,1,48.0,stores,own,1.0,skilled,1.0,none,yes,bad
4,12.0,3,9,1076.0,1,3,2.0,4,1,2.0,1,26.0,none,own,1.0,skilled,1.0,yes,no,good
2,36.0,3,2,9398.0,1,2,1.0,4,1,4.0,3,28.0,none,rent,1.0,high qualif/self emp/mgmt,1.0,yes,yes,bad
1,24.0,5,2,6419.0,1,5,2.0,2,1,4.0,4,44.0,none,for free,2.0,high qualif/self emp/mgmt,2.0,yes,yes,good
3,42.0,5,2,4796.0,1,5,4.0,3,1,4.0,4,56.0,none,for free,1.0,skilled,1.0,none,yes,good
4,48.0,5,9,7629.0,5,5,4.0,1,1,2.0,3,46.0,bank,own,2.0,high qualif/self emp/mgmt,2.0,none,yes,good
2,48.0,3,3,9960.0,1,2,1.0,2,1,2.0,3,26.0,none,own,1.0,skilled,1.0,yes,yes,bad
4,12.0,3,2,4675.0,5,2,1.0,2,1,4.0,3,20.0,none,rent,1.0,skilled,1.0,none,yes,good
4,10.0,3,1,1287.0,5,5,4.0,3,2,2.0,2,45.0,none,own,1.0,unskilled resident,1.0,none,no,good
4,18.0,3,3,2515.0,1,3,3.0,3,1,4.0,1,43.0,none,own,1.0,skilled,1.0,yes,yes,good
2,21.0,5,3,2745.0,4,4,3.0,3,1,2.0,3,32.0,none,own,2.0,skilled,1.0,yes,yes,good
4,6.0,3,1,672.0,1,1,1.0,2,1,4.0,1,54.0,none,own,1.0,unemp/unskilled non res,1.0,yes,yes,good
2,36.0,1,4,3804.0,1,3,4.0,2,1,1.0,3,42.0,none,own,1.0,skilled,1.0,yes,yes,bad
3,24.0,5,1,1344.0,5,4,4.0,3,1,2.0,1,37.0,bank,own,2.0,unskilled resident,2.0,none,yes,bad
1,10.0,5,1,1038.0,1,4,4.0,3,2,3.0,2,49.0,none,own,2.0,skilled,1.0,yes,yes,good
4,48.0,5,1,10127.0,3,3,2.0,3,1,2.0,4,44.0,bank,for free,1.0,skilled,1.0,none,yes,bad
4,6.0,3,3,1543.0,4,3,4.0,1,1,2.0,1,33.0,none,own,1.0,skilled,1.0,none,yes,good
4,30.0,3,2,4811.0,5,4,2.0,2,1,4.0,2,24.0,stores,rent,1.0,unskilled resident,1.0,none,yes,good
1,12.0,3,4,727.0,2,2,4.0,4,1,3.0,4,33.0,none,own,1.0,unskilled resident,1.0,yes,yes,bad
2,8.0,3,3,1237.0,1,3,3.0,2,1,4.0,1,24.0,none,own,1.0,skilled,1.0,none,yes,bad
2,9.0,3,1,276.0,1,3,4.0,4,1,4.0,1,22.0,none,rent,1.0,unskilled resident,1.0,none,yes,good
2,48.0,3,10,5381.0,5,1,3.0,3,1,4.0,4,40.0,bank,for free,1.0,unemp/unskilled non res,1.0,yes,yes,good
4,24.0,3,3,5511.0,2,3,4.0,3,1,1.0,3,25.0,stores,own,1.0,skilled,1.0,none,yes,good
3,24.0,3,3,3749.0,1,2,2.0,2,1,4.0,3,26.0,none,own,1.0,skilled,1.0,none,yes,good
2,12.0,3,1,685.0,1,4,2.0,4,1,3.0,3,25.0,bank,own,1.0,unskilled resident,1.0,none,yes,bad
3,4.0,3,1,1494.0,5,2,1.0,3,1,2.0,1,29.0,none,own,1.0,unskilled resident,2.0,none,no,good
1,36.0,2,3,2746.0,1,5,4.0,3,1,4.0,3,31.0,bank,own,1.0,skilled,1.0,none,yes,bad
1,12.0,3,3,708.0,1,3,2.0,3,3,3.0,2,38.0,none,own,1.0,unskilled resident,2.0,none,yes,good
2,24.0,3,3,4351.0,5,3,1.0,2,1,4.0,2,48.0,none,own,1.0,unskilled resident,1.0,yes,yes,good
4,12.0,5,7,701.0,1,3,4.0,3,1,2.0,3,32.0,none,own,2.0,skilled,1.0,none,yes,good
1,15.0,4,3,3643.0,1,5,1.0,2,1,4.0,2,27.0,none,own,2.0,unskilled resident,1.0,none,yes,good
2,30.0,5,1,4249.0,1,1,4.0,4,1,2.0,3,28.0,none,own,2.0,high qualif/self emp/mgmt,1.0,none,yes,bad
1,24.0,3,4,1938.0,1,2,4.0,1,1,3.0,2,32.0,none,own,1.0,skilled,1.0,none,yes,bad
1,24.0,3,2,2910.0,1,4,2.0,3,1,1.0,4,34.0,none,for free,1.0,high qualif/self emp/mgmt,1.0,yes,yes,good
1,18.0,3,3,2659.0,4,3,4.0,3,1,2.0,3,28.0,none,own,1.0,skilled,1.0,none,yes,good
4,18.0,5,1,1028.0,1,3,4.0,2,1,3.0,1,36.0,none,own,2.0,skilled,1.0,none,yes,good
1,8.0,5,1,3398.0,1,4,1.0,3,1,4.0,1,39.0,none,own,2.0,unskilled resident,1.0,none,no,good
4,12.0,5,3,5801.0,5,5,2.0,3,1,4.0,2,49.0,none,rent,1.0,skilled,1.0,yes,yes,good
4,24.0,3,1,1525.0,4,4,4.0,2,1,3.0,3,34.0,none,own,1.0,skilled,2.0,yes,yes,good
3,36.0,3,4,4473.0,1,5,4.0,3,1,2.0,3,31.0,none,own,1.0,skilled,1.0,none,yes,good
2,6.0,3,4,1068.0,1,5,4.0,3,1,4.0,3,28.0,none,own,1.0,skilled,2.0,none,yes,good
1,24.0,5,2,6615.0,1,1,2.0,3,1,4.0,4,75.0,none,for free,2.0,high qualif/self emp/mgmt,1.0,yes,yes,good
4,18.0,5,7,1864.0,2,3,4.0,2,1,2.0,1,30.0,none,own,2.0,skilled,1.0,none,yes,bad
2,60.0,3,1,7408.0,2,2,4.0,2,1,2.0,2,24.0,none,own,1.0,high qualif/self emp/mgmt,1.0,none,yes,bad
4,48.0,5,2,11590.0,2,3,2.0,2,1,4.0,3,24.0,bank,rent,2.0,unskilled resident,1.0,none,yes,bad
1,24.0,1,3,4110.0,1,5,3.0,3,1,4.0,4,23.0,bank,rent,2.0,skilled,2.0,none,yes,bad
1,6.0,5,3,3384.0,1,3,1.0,1,1,4.0,1,44.0,none,rent,1.0,high qualif/self emp/mgmt,1.0,yes,yes,bad
2,13.0,3,4,2101.0,1,2,2.0,2,3,4.0,2,23.0,none,own,1.0,unskilled resident,1.0,none,yes,good
1,15.0,3,5,1275.0,5,3,4.0,2,1,2.0,3,24.0,none,rent,1.0,skilled,1.0,none,yes,bad
1,24.0,3,3,4169.0,1,3,4.0,3,1,4.0,2,28.0,none,own,1.0,skilled,1.0,none,yes,good
2,10.0,3,3,1521.0,1,3,4.0,1,1,2.0,3,31.0,none,own,1.0,unskilled resident,1.0,none,yes,good
2,24.0,5,7,5743.0,1,2,2.0,2,1,4.0,4,24.0,none,for free,2.0,skilled,1.0,yes,yes,good
1,21.0,3,3,3599.0,1,4,1.0,2,1,4.0,3,26.0,none,rent,1.0,unskilled resident,1.0,none,yes,good
2,18.0,3,4,3213.0,3,2,1.0,4,1,3.0,1,25.0,none,rent,1.0,skilled,1.0,none,yes,good
2,18.0,3,9,4439.0,1,5,1.0,3,2,1.0,1,33.0,bank,own,1.0,high qualif/self emp/mgmt,1.0,yes,yes,good
3,10.0,3,1,3949.0,1,2,1.0,3,3,1.0,2,37.0,none,own,1.0,unskilled resident,2.0,none,yes,good
4,15.0,5,4,1459.0,1,3,4.0,2,1,2.0,3,43.0,none,own,1.0,unskilled resident,1.0,none,yes,good
2,13.0,5,4,882.0,1,2,4.0,3,3,4.0,1,23.0,none,own,2.0,skilled,1.0,none,yes,good
2,24.0,3,4,3758.0,3,1,1.0,2,1,4.0,4,23.0,none,rent,1.0,unemp/unskilled non res,1.0,none,yes,good
4,6.0,4,9,1743.0,2,3,1.0,3,1,2.0,1,34.0,none,own,2.0,unskilled resident,1.0,none,yes,good
2,9.0,5,7,1136.0,4,5,4.0,3,1,3.0,4,32.0,none,for free,2.0,skilled,2.0,none,yes,bad
4,9.0,3,5,1236.0,1,2,1.0,2,1,4.0,1,23.0,none,rent,1.0,skilled,1.0,yes,yes,good
2,9.0,3,3,959.0,1,3,1.0,2,1,2.0,3,29.0,none,own,1.0,skilled,1.0,none,no,bad
4,18.0,5,2,3229.0,5,1,2.0,3,1,4.0,4,38.0,none,own,1.0,high qualif/self emp/mgmt,1.0,yes,yes,good
1,12.0,1,4,6199.0,1,3,4.0,3,1,2.0,2,28.0,none,rent,2.0,skilled,1.0,yes,yes,bad
4,10.0,3,7,727.0,3,5,4.0,3,1,4.0,4,46.0,none,for free,1.0,skilled,1.0,yes,yes,good
2,24.0,3,1,1246.0,1,2,4.0,3,1,2.0,1,23.0,stores,own,1.0,unskilled resident,1.0,none,yes,bad
4,12.0,5,4,2331.0,5,5,1.0,3,2,4.0,1,49.0,none,own,1.0,skilled,1.0,yes,yes,good
4,36.0,4,4,4463.0,1,3,4.0,3,1,2.0,3,26.0,none,own,2.0,high qualif/self emp/mgmt,1.0,yes,yes,bad
4,12.0,3,4,776.0,1,3,4.0,4,1,2.0,1,28.0,none,own,1.0,skilled,1.0,none,yes,good
1,30.0,3,3,2406.0,1,4,4.0,2,1,4.0,1,23.0,none,rent,1.0,skilled,1.0,none,yes,bad
2,18.0,3,7,1239.0,5,3,4.0,3,1,4.0,4,61.0,none,for free,1.0,skilled,1.0,none,yes,good
3,12.0,3,4,3399.0,5,5,2.0,3,1,3.0,3,37.0,none,own,1.0,high qualif/self emp/mgmt,1.0,none,yes,good
3,12.0,4,1,2247.0,1,3,2.0,2,1,2.0,3,36.0,stores,own,2.0,skilled,1.0,yes,yes,good
4,6.0,3,3,1766.0,1,3,1.0,4,1,2.0,2,21.0,none,rent,1.0,skilled,1.0,none,yes,good
1,18.0,3,3,2473.0,1,1,4.0,3,1,1.0,3,25.0,none,own,1.0,unemp/unskilled non res,1.0,none,yes,bad
4,12.0,3,9,1542.0,1,4,2.0,3,1,4.0,3,36.0,none,own,1.0,skilled,1.0,yes,yes,good
4,18.0,5,2,3850.0,1,4,3.0,3,1,1.0,3,27.0,none,own,2.0,skilled,1.0,none,yes,good
1,18.0,3,3,3650.0,1,2,1.0,2,1,4.0,3,22.0,none,rent,1.0,skilled,1.0,none,yes,good
1,36.0,3,3,3446.0,1,5,4.0,3,1,2.0,3,42.0,none,own,1.0,skilled,2.0,none,yes,bad
2,18.0,3,3,3001.0,1,4,2.0,2,1,4.0,1,40.0,none,rent,1.0,skilled,1.0,none,yes,good
4,36.0,3,1,3079.0,5,3,4.0,3,1,4.0,1,36.0,none,own,1.0,skilled,1.0,none,yes,good
4,18.0,5,4,6070.0,1,5,3.0,3,1,4.0,3,33.0,none,own,2.0,skilled,1.0,yes,yes,good
4,10.0,5,3,2146.0,1,2,1.0,2,1,3.0,1,23.0,none,rent,2.0,skilled,1.0,none,yes,good
4,60.0,5,1,13756.0,5,5,2.0,3,1,4.0,4,63.0,bank,for free,1.0,high qualif/self emp/mgmt,1.0,yes,yes,good
2,60.0,2,10,14782.0,2,5,3.0,2,1,4.0,4,60.0,bank,for free,2.0,high qualif/self emp/mgmt,1.0,yes,yes,bad
1,48.0,2,9,7685.0,1,4,2.0,2,3,4.0,3,37.0,none,rent,1.0,skilled,1.0,none,yes,bad
4,18.0,4,4,2320.0,1,1,2.0,4,1,3.0,1,34.0,none,own,2.0,skilled,1.0,none,yes,good
4,7.0,4,4,846.0,5,5,3.0,3,1,4.0,4,36.0,none,for free,1.0,skilled,1.0,none,yes,good
2,36.0,3,1,14318.0,1,5,4.0,3,1,2.0,4,57.0,none,for free,1.0,high qualif/self emp/mgmt,1.0,yes,yes,bad
4,6.0,5,1,362.0,2,3,4.0,2,1,4.0,3,52.0,none,own,2.0,unskilled resident,1.0,none,yes,good
1,20.0,3,3,2212.0,5,4,4.0,3,1,4.0,3,39.0,none,own,1.0,skilled,1.0,yes,yes,good
2,18.0,3,2,12976.0,1,1,3.0,2,1,4.0,4,38.0,none,for free,1.0,high qualif/self emp/mgmt,1.0,yes,yes,bad
4,22.0,3,1,1283.0,5,4,4.0,2,1,4.0,2,25.0,none,rent,1.0,skilled,1.0,none,yes,good
3,12.0,3,1,1330.0,1,2,4.0,3,1,1.0,1,26.0,none,own,1.0,skilled,1.0,none,yes,good
4,30.0,4,9,4272.0,2,3,2.0,3,1,2.0,2,26.0,none,own,2.0,unskilled resident,1.0,none,yes,good
4,18.0,5,4,2238.0,1,3,2.0,2,1,1.0,3,25.0,none,own,2.0,skilled,1.0,none,yes,good
4,18.0,3,4,1126.0,5,2,4.0,2,1,2.0,1,21.0,none,rent,1.0,skilled,1.0,yes,yes,good
2,18.0,5,3,7374.0,1,1,4.0,3,1,4.0,2,40.0,stores,own,2.0,high qualif/self emp/mgmt,1.0,yes,yes,good
2,15.0,5,9,2326.0,3,3,2.0,3,1,4.0,3,27.0,bank,own,1.0,skilled,1.0,none,yes,good
4,9.0,3,9,1449.0,1,4,3.0,2,1,2.0,3,27.0,none,own,2.0,skilled,1.0,none,yes,good
4,18.0,3,1,1820.0,1,3,2.0,4,1,2.0,2,30.0,none,own,1.0,high qualif/self emp/mgmt,1.0,yes,yes,good
2,12.0,3,3,983.0,4,2,1.0,2,1,4.0,1,19.0,none,rent,1.0,unskilled resident,1.0,none,yes,good
1,36.0,3,1,3249.0,1,4,2.0,3,1,4.0,4,39.0,bank,for free,1.0,high qualif/self emp/mgmt,2.0,yes,yes,good
1,6.0,5,4,1957.0,1,4,1.0,2,1,4.0,3,31.0,none,own,1.0,skilled,1.0,none,yes,good
4,9.0,5,3,2406.0,1,1,2.0,3,1,3.0,3,31.0,none,own,1.0,high qualif/self emp/mgmt,1.0,none,yes,good
2,39.0,4,7,11760.0,2,4,2.0,3,1,3.0,4,32.0,none,rent,1.0,skilled,1.0,yes,yes,good
1,12.0,3,3,2578.0,1,1,3.0,2,1,4.0,4,55.0,none,for free,1.0,high qualif/self emp/mgmt,1.0,none,yes,good
1,36.0,5,3,2348.0,1,3,3.0,4,1,2.0,2,46.0,none,own,2.0,skilled,1.0,yes,yes,good
2,12.0,3,1,1223.0,1,5,1.0,1,1,1.0,1,46.0,none,rent,2.0,skilled,1.0,none,yes,bad
4,24.0,5,4,1516.0,4,3,4.0,2,1,1.0,1,43.0,none,own,2.0,unskilled resident,1.0,none,yes,good
4,18.0,3,4,1473.0,1,2,3.0,4,1,4.0,1,39.0,none,own,1.0,skilled,1.0,yes,yes,good
2,18.0,5,9,1887.0,5,3,4.0,4,1,4.0,1,28.0,bank,own,2.0,skilled,1.0,none,yes,good
4,24.0,4,9,8648.0,1,2,2.0,3,1,2.0,3,27.0,bank,own,2.0,skilled,1.0,yes,yes,bad
4,14.0,4,1,802.0,1,3,4.0,3,1,2.0,3,27.0,none,own,2.0,unskilled resident,1.0,none,yes,good
2,18.0,4,1,2899.0,5,5,4.0,3,1,4.0,3,43.0,none,own,1.0,skilled,2.0,none,yes,good
2,24.0,3,4,2039.0,1,2,1.0,4,1,1.0,2,22.0,none,own,1.0,skilled,1.0,yes,yes,bad
4,24.0,5,2,2197.0,5,4,4.0,3,1,4.0,3,43.0,none,own,2.0,skilled,2.0,yes,yes,good
1,15.0,3,4,1053.0,1,2,4.0,4,1,2.0,1,27.0,none,own,1.0,skilled,1.0,none,no,good
4,24.0,3,4,3235.0,3,5,3.0,1,1,2.0,3,26.0,none,own,1.0,high qualif/self emp/mgmt,1.0,yes,yes,good
3,12.0,5,1,939.0,3,4,4.0,4,1,2.0,1,28.0,none,own,3.0,skilled,1.0,yes,yes,bad
2,24.0,3,4,1967.0,1,5,4.0,2,1,4.0,3,20.0,none,own,1.0,skilled,1.0,yes,yes,good
4,33.0,5,2,7253.0,1,4,3.0,3,1,2.0,3,35.0,none,own,2.0,high qualif/self emp/mgmt,1.0,yes,yes,good
4,12.0,5,9,2292.0,1,1,4.0,3,1,2.0,3,42.0,stores,own,2.0,high qualif/self emp/mgmt,1.0,yes,yes,bad
4,10.0,3,1,1597.0,3,3,3.0,3,1,2.0,4,40.0,none,rent,1.0,unskilled resident,2.0,none,no,good
1,24.0,3,1,1381.0,5,3,4.0,2,1,2.0,2,35.0,none,own,1.0,skilled,1.0,none,yes,bad
4,36.0,5,2,5842.0,1,5,2.0,3,1,2.0,2,35.0,none,own,2.0,skilled,2.0,yes,yes,good
1,12.0,3,1,2579.0,1,2,4.0,3,1,1.0,1,33.0,none,own,1.0,unskilled resident,2.0,none,yes,bad
1,18.0,4,7,8471.0,5,3,1.0,2,1,2.0,3,23.0,none,rent,2.0,skilled,1.0,yes,yes,good
4,21.0,3,1,2782.0,3,4,1.0,2,1,2.0,3,31.0,bank,own,1.0,high qualif/self emp/mgmt,1.0,none,yes,good
2,18.0,3,1,1042.0,5,3,4.0,2,1,2.0,2,33.0,none,own,1.0,skilled,1.0,none,yes,bad
4,15.0,3,1,3186.0,4,4,2.0,2,1,3.0,3,20.0,none,rent,1.0,skilled,1.0,none,yes,good
2,12.0,3,2,2028.0,5,3,4.0,3,1,2.0,3,30.0,none,own,1.0,skilled,1.0,none,yes,good
2,12.0,5,1,958.0,1,4,2.0,3,1,3.0,1,47.0,none,own,2.0,unskilled resident,2.0,none,yes,good
4,21.0,4,3,1591.0,2,4,4.0,3,1,3.0,1,34.0,none,own,2.0,high qualif/self emp/mgmt,1.0,none,yes,good
2,12.0,3,3,2762.0,5,5,1.0,2,1,2.0,2,25.0,bank,own,1.0,skilled,1.0,yes,yes,bad
2,18.0,3,2,2779.0,1,3,1.0,4,1,3.0,3,21.0,none,rent,1.0,skilled,1.0,yes,yes,good
4,28.0,5,4,2743.0,1,5,4.0,3,1,2.0,3,29.0,none,own,2.0,skilled,1.0,none,yes,good
4,18.0,5,4,1149.0,4,3,4.0,3,1,3.0,1,46.0,none,own,2.0,skilled,1.0,none,yes,good
4,9.0,3,3,1313.0,1,5,1.0,3,1,4.0,3,20.0,none,own,1.0,skilled,1.0,none,yes,good
1,18.0,5,6,1190.0,1,1,2.0,2,1,4.0,4,55.0,none,for free,3.0,unemp/unskilled non res,2.0,none,yes,bad
4,5.0,3,9,3448.0,1,4,1.0,3,1,4.0,1,74.0,none,own,1.0,unskilled resident,1.0,none,yes,good
2,24.0,3,10,11328.0,1,3,2.0,3,2,3.0,3,29.0,bank,own,2.0,high qualif/self emp/mgmt,1.0,yes,yes,bad
1,6.0,5,3,1872.0,1,1,4.0,3,1,4.0,4,36.0,none,for free,3.0,high qualif/self emp/mgmt,1.0,yes,yes,good
4,24.0,5,6,2058.0,1,3,4.0,1,1,2.0,1,33.0,none,own,2.0,skilled,1.0,yes,yes,good
1,9.0,3,3,2136.0,1,3,3.0,3,1,2.0,1,25.0,none,own,1.0,skilled,1.0,none,yes,good
2,12.0,3,4,1484.0,5,3,2.0,4,1,1.0,1,25.0,none,own,1.0,skilled,1.0,yes,yes,bad
4,6.0,3,6,660.0,3,4,2.0,4,1,4.0,1,23.0,none,rent,1.0,unskilled resident,1.0,none,yes,good
4,24.0,5,1,1287.0,4,5,4.0,2,1,4.0,1,37.0,none,own,2.0,skilled,1.0,yes,yes,good
1,42.0,5,6,3394.0,1,1,4.0,3,2,4.0,3,65.0,none,own,2.0,unemp/unskilled non res,1.0,none,yes,good
3,12.0,2,9,609.0,1,2,4.0,2,1,1.0,1,26.0,none,own,1.0,unemp/unskilled non res,1.0,none,yes,bad
4,12.0,3,1,1884.0,1,5,4.0,3,1,4.0,3,39.0,none,own,1.0,high qualif/self emp/mgmt,1.0,yes,yes,good
1,12.0,3,3,1620.0,1,3,2.0,2,2,3.0,2,30.0,none,own,1.0,skilled,1.0,none,yes,good
2,20.0,4,10,2629.0,1,3,2.0,3,1,3.0,3,29.0,bank,own,2.0,skilled,1.0,yes,yes,good
4,12.0,3,7,719.0,1,5,4.0,3,1,4.0,3,41.0,bank,own,1.0,unskilled resident,2.0,none,yes,bad
2,48.0,5,3,5096.0,1,3,2.0,2,1,3.0,3,30.0,none,own,1.0,high qualif/self emp/mgmt,1.0,yes,yes,bad
4,9.0,5,7,1244.0,5,5,4.0,2,1,4.0,2,41.0,none,rent,2.0,unskilled resident,1.0,none,yes,good
1,36.0,3,1,1842.0,1,2,4.0,2,1,4.0,3,34.0,none,own,1.0,skilled,1.0,yes,yes,bad
2,7.0,3,4,2576.0,1,3,2.0,3,3,2.0,1,35.0,none,own,1.0,skilled,1.0,none,yes,good
3,12.0,3,3,1424.0,5,5,3.0,2,1,4.0,1,55.0,none,own,1.0,high qualif/self emp/mgmt,1.0,yes,yes,good
2,15.0,4,6,1512.0,4,3,3.0,4,1,3.0,2,61.0,stores,own,2.0,skilled,1.0,none,yes,bad
4,36.0,5,2,11054.0,5,3,4.0,3,1,2.0,3,30.0,none,own,1.0,high qualif/self emp/mgmt,1.0,yes,yes,good
4,6.0,3,4,518.0,1,3,3.0,2,1,1.0,1,29.0,none,own,1.0,skilled,1.0,none,yes,good
4,12.0,1,3,2759.0,1,5,2.0,3,1,4.0,2,34.0,none,own,2.0,skilled,1.0,none,yes,good
4,24.0,3,2,2670.0,1,5,4.0,3,1,4.0,3,35.0,none,own,1.0,high qualif/self emp/mgmt,1.0,yes,yes,good
1,24.0,3,1,4817.0,1,4,2.0,3,2,3.0,2,31.0,none,own,1.0,skilled,1.0,yes,yes,bad
4,24.0,3,2,2679.0,1,2,4.0,2,1,1.0,4,29.0,none,own,1.0,high qualif/self emp/mgmt,1.0,yes,yes,good
1,11.0,5,1,3905.0,1,3,2.0,3,1,2.0,1,36.0,none,rent,2.0,skilled,2.0,none,yes,good
1,12.0,3,2,3386.0,1,5,3.0,3,1,4.0,4,35.0,none,for free,1.0,skilled,1.0,yes,yes,bad
1,6.0,3,5,343.0,1,2,4.0,2,1,1.0,1,27.0,none,own,1.0,skilled,1.0,none,yes,good
4,18.0,3,4,4594.0,1,2,3.0,3,1,2.0,3,32.0,none,own,1.0,skilled,1.0,yes,yes,good
1,36.0,3,3,3620.0,1,3,1.0,3,3,2.0,2,37.0,none,own,1.0,skilled,2.0,none,yes,good
1,15.0,3,1,1721.0,1,2,2.0,3,1,3.0,1,36.0,none,own,1.0,skilled,1.0,none,yes,good
2,12.0,3,3,3017.0,1,2,3.0,2,1,1.0,1,34.0,none,rent,1.0,high qualif/self emp/mgmt,1.0,none,yes,good
2,12.0,3,8,754.0,5,5,4.0,3,1,4.0,2,38.0,none,own,2.0,skilled,1.0,none,yes,good
4,18.0,3,9,1950.0,1,4,4.0,3,1,1.0,3,34.0,stores,own,2.0,skilled,1.0,yes,yes,good
1,24.0,3,2,2924.0,1,3,3.0,3,3,4.0,4,63.0,bank,own,1.0,skilled,2.0,yes,yes,good
1,24.0,4,4,1659.0,1,2,4.0,2,1,2.0,3,29.0,none,rent,1.0,unskilled resident,1.0,yes,yes,bad
4,48.0,4,4,7238.0,5,5,3.0,3,1,3.0,3,32.0,bank,own,2.0,skilled,2.0,none,yes,good
4,33.0,4,9,2764.0,1,3,2.0,2,1,2.0,3,26.0,none,own,2.0,skilled,1.0,yes,yes,good
4,24.0,4,2,4679.0,1,4,3.0,3,1,3.0,3,35.0,none,own,2.0,unskilled resident,1.0,yes,yes,good
2,24.0,3,4,3092.0,2,2,3.0,4,1,2.0,3,22.0,none,rent,1.0,skilled,1.0,yes,yes,bad
1,6.0,3,7,448.0,1,2,4.0,2,1,4.0,2,23.0,none,own,1.0,skilled,1.0,none,yes,bad
1,9.0,3,1,654.0,1,3,4.0,3,1,3.0,3,28.0,none,own,1.0,unskilled resident,1.0,none,yes,bad
4,6.0,3,8,1238.0,5,1,4.0,3,1,4.0,2,36.0,none,own,1.0,high qualif/self emp/mgmt,2.0,yes,yes,good
2,18.0,5,4,1245.0,1,3,4.0,4,1,2.0,3,33.0,none,own,1.0,skilled,1.0,none,yes,bad
1,18.0,1,3,3114.0,1,2,1.0,2,1,4.0,2,26.0,none,rent,1.0,skilled,1.0,none,yes,bad
4,39.0,3,2,2569.0,3,3,4.0,3,1,4.0,3,24.0,none,own,1.0,skilled,1.0,none,yes,good
3,24.0,3,4,5152.0,1,4,4.0,3,1,2.0,3,25.0,bank,own,1.0,skilled,1.0,none,yes,good
2,12.0,3,9,1037.0,2,4,3.0,3,1,4.0,1,39.0,none,own,1.0,unskilled resident,1.0,none,yes,good
1,15.0,5,3,1478.0,1,5,4.0,3,1,4.0,3,44.0,none,own,2.0,skilled,2.0,yes,yes,good
2,12.0,5,4,3573.0,1,3,1.0,2,1,1.0,1,23.0,none,own,1.0,unskilled resident,1.0,none,yes,good
2,24.0,3,1,1201.0,1,2,4.0,3,1,1.0,2,26.0,none,own,1.0,skilled,1.0,none,yes,good
1,30.0,3,3,3622.0,4,5,4.0,2,1,4.0,2,57.0,none,rent,2.0,skilled,1.0,yes,yes,good
4,15.0,4,3,960.0,4,4,3.0,2,1,2.0,2,30.0,none,own,2.0,skilled,1.0,none,yes,good
4,12.0,5,1,1163.0,3,3,4.0,3,1,4.0,1,44.0,none,own,1.0,skilled,1.0,yes,yes,good
2,6.0,4,1,1209.0,1,1,4.0,3,1,4.0,2,47.0,none,own,1.0,high qualif/self emp/mgmt,1.0,yes,yes,bad
4,12.0,3,4,3077.0,1,3,2.0,3,1,4.0,3,52.0,none,own,1.0,skilled,1.0,yes,yes,good
4,24.0,3,1,3757.0,1,5,4.0,2,2,4.0,4,62.0,none,for free,1.0,skilled,1.0,yes,yes,good
4,10.0,3,1,1418.0,2,3,3.0,3,1,2.0,1,35.0,none,rent,1.0,unskilled resident,1.0,none,no,good
4,6.0,3,1,3518.0,1,3,2.0,3,3,3.0,2,26.0,none,rent,1.0,skilled,1.0,none,yes,good
4,12.0,5,4,1934.0,1,5,2.0,3,1,2.0,4,26.0,none,own,2.0,skilled,1.0,none,yes,good
2,27.0,1,9,8318.0,1,5,2.0,2,1,4.0,4,42.0,none,for free,2.0,high qualif/self emp/mgmt,1.0,yes,yes,bad
4,6.0,5,4,1237.0,2,3,1.0,2,1,1.0,2,27.0,none,own,2.0,skilled,1.0,none,yes,good
2,6.0,3,4,368.0,5,5,4.0,3,1,4.0,2,38.0,none,own,1.0,skilled,1.0,none,yes,good
1,12.0,5,1,2122.0,1,3,3.0,3,1,2.0,1,39.0,none,rent,2.0,unskilled resident,2.0,none,no,good
1,24.0,3,3,2996.0,5,3,2.0,4,1,4.0,3,20.0,none,own,1.0,skilled,1.0,none,yes,bad
2,36.0,3,3,9034.0,2,2,4.0,3,2,1.0,4,29.0,none,rent,1.0,high qualif/self emp/mgmt,1.0,yes,yes,bad
4,24.0,5,3,1585.0,1,4,4.0,3,1,3.0,2,40.0,none,own,2.0,skilled,1.0,none,yes,good
2,18.0,3,4,1301.0,1,5,4.0,4,3,2.0,1,32.0,none,own,1.0,unskilled resident,1.0,none,yes,good
3,6.0,5,1,1323.0,2,5,2.0,1,1,4.0,3,28.0,none,own,2.0,skilled,2.0,yes,yes,good
1,24.0,3,1,3123.0,1,2,4.0,2,1,1.0,2,27.0,none,own,1.0,skilled,1.0,none,yes,bad
1,36.0,3,2,5493.0,1,5,2.0,3,1,4.0,4,42.0,none,for free,1.0,skilled,2.0,none,yes,good
3,9.0,3,4,1126.0,2,5,2.0,1,1,4.0,1,49.0,none,own,1.0,skilled,1.0,none,yes,good
2,24.0,5,4,1216.0,2,2,4.0,3,1,4.0,4,38.0,bank,own,2.0,skilled,2.0,none,yes,bad
1,24.0,3,1,1207.0,1,2,4.0,2,1,4.0,2,24.0,none,rent,1.0,skilled,1.0,none,yes,bad
4,10.0,3,1,1309.0,5,3,4.0,3,3,4.0,2,27.0,none,own,1.0,unskilled resident,1.0,none,yes,bad
3,15.0,5,2,2360.0,3,3,2.0,3,1,2.0,3,36.0,none,own,1.0,skilled,1.0,yes,yes,good
2,15.0,2,1,6850.0,2,1,1.0,3,1,2.0,2,34.0,none,own,1.0,high qualif/self emp/mgmt,2.0,yes,yes,bad
4,24.0,3,4,1413.0,1,3,4.0,4,1,2.0,2,28.0,none,own,1.0,skilled,1.0,none,yes,good
4,39.0,3,2,8588.0,2,5,4.0,3,1,2.0,3,45.0,none,own,1.0,high qualif/self emp/mgmt,1.0,yes,yes,good
1,12.0,3,1,759.0,1,4,4.0,3,1,2.0,1,26.0,none,own,1.0,skilled,1.0,none,yes,bad
4,36.0,3,2,4686.0,1,3,2.0,3,1,2.0,4,32.0,none,for free,1.0,high qualif/self emp/mgmt,1.0,yes,yes,good
3,15.0,3,9,2687.0,1,4,2.0,3,1,4.0,2,26.0,none,rent,1.0,skilled,1.0,yes,yes,good
2,12.0,4,4,585.0,1,3,4.0,4,2,4.0,1,20.0,none,rent,2.0,skilled,1.0,none,yes,good
4,24.0,3,1,2255.0,5,2,4.0,3,1,1.0,2,54.0,none,own,1.0,skilled,1.0,none,yes,good
1,6.0,5,1,609.0,1,4,4.0,2,1,3.0,2,37.0,none,own,2.0,skilled,1.0,none,no,good
1,6.0,5,1,1361.0,1,2,2.0,3,1,4.0,1,40.0,none,own,1.0,unskilled resident,2.0,none,no,good
4,36.0,5,3,7127.0,1,2,2.0,2,1,4.0,2,23.0,none,rent,2.0,skilled,1.0,yes,yes,bad
1,6.0,3,1,1203.0,2,5,3.0,3,1,2.0,2,43.0,none,own,1.0,skilled,1.0,yes,yes,good
4,6.0,5,4,700.0,5,5,4.0,3,1,4.0,4,36.0,none,for free,2.0,skilled,1.0,none,yes,good
4,24.0,5,6,5507.0,1,5,3.0,3,1,4.0,4,44.0,none,for free,2.0,skilled,1.0,none,yes,good
1,18.0,3,4,3190.0,1,3,2.0,2,1,2.0,1,24.0,none,own,1.0,skilled,1.0,none,yes,bad
1,48.0,1,3,7119.0,1,3,3.0,3,1,4.0,4,53.0,none,for free,2.0,skilled,2.0,none,yes,bad
4,24.0,3,2,3488.0,2,4,3.0,2,1,4.0,3,23.0,none,own,1.0,skilled,1.0,none,yes,good
2,18.0,3,4,1113.0,1,3,4.0,2,3,4.0,1,26.0,none,own,1.0,unskilled resident,2.0,none,yes,good
2,26.0,3,2,7966.0,1,2,2.0,3,1,3.0,3,30.0,none,own,2.0,skilled,1.0,none,yes,good
4,15.0,5,7,1532.0,2,3,4.0,2,1,3.0,3,31.0,none,own,1.0,skilled,1.0,none,yes,good
4,4.0,5,4,1503.0,1,4,2.0,3,1,1.0,1,42.0,none,own,2.0,unskilled resident,2.0,none,yes,good
1,36.0,3,4,2302.0,1,3,4.0,1,1,4.0,3,31.0,none,rent,1.0,skilled,1.0,none,yes,bad
1,6.0,3,1,662.0,1,2,3.0,3,1,4.0,1,41.0,none,own,1.0,unskilled resident,2.0,yes,yes,good
2,36.0,3,7,2273.0,1,4,3.0,3,1,1.0,3,32.0,none,own,2.0,skilled,2.0,none,yes,good
2,15.0,3,1,2631.0,2,3,2.0,2,1,4.0,3,28.0,none,rent,2.0,skilled,1.0,yes,yes,bad
4,12.0,4,2,1503.0,1,3,4.0,4,1,4.0,1,41.0,none,rent,1.0,skilled,1.0,none,yes,good
4,24.0,3,4,1311.0,2,4,4.0,4,1,3.0,2,26.0,none,own,1.0,skilled,1.0,yes,yes,good
4,24.0,3,4,3105.0,5,2,4.0,3,1,2.0,3,25.0,none,own,2.0,skilled,1.0,none,yes,good
3,21.0,5,7,2319.0,1,2,2.0,1,1,1.0,3,33.0,none,rent,1.0,skilled,1.0,none,yes,bad
1,6.0,3,1,1374.0,5,1,4.0,2,1,3.0,2,75.0,none,own,1.0,high qualif/self emp/mgmt,1.0,yes,yes,good
2,18.0,5,3,3612.0,1,5,3.0,2,1,4.0,2,37.0,none,own,1.0,skilled,1.0,yes,yes,good
1,48.0,3,1,7763.0,1,5,4.0,3,1,4.0,4,42.0,bank,for free,1.0,high qualif/self emp/mgmt,1.0,none,yes,bad
3,18.0,3,3,3049.0,1,2,1.0,2,1,1.0,2,45.0,stores,own,1.0,unskilled resident,1.0,none,yes,good
2,12.0,3,4,1534.0,1,2,1.0,4,1,1.0,1,23.0,none,rent,1.0,skilled,1.0,none,yes,bad
4,24.0,4,1,2032.0,1,5,4.0,3,1,4.0,4,60.0,none,for free,2.0,skilled,1.0,yes,yes,good
1,30.0,3,3,6350.0,5,5,4.0,3,1,4.0,2,31.0,none,own,1.0,skilled,1.0,none,yes,bad
3,18.0,3,3,2864.0,1,3,2.0,3,1,1.0,1,34.0,none,own,1.0,unskilled resident,2.0,none,yes,bad
4,12.0,5,1,1255.0,1,5,4.0,3,1,4.0,1,61.0,none,own,2.0,unskilled resident,1.0,none,yes,good
1,24.0,4,1,1333.0,1,1,4.0,3,1,2.0,1,43.0,none,for free,2.0,skilled,2.0,none,yes,bad
4,24.0,5,1,2022.0,1,3,4.0,2,1,4.0,3,37.0,none,own,1.0,skilled,1.0,yes,yes,good
4,24.0,3,4,1552.0,1,4,3.0,3,1,1.0,3,32.0,bank,own,1.0,skilled,2.0,none,yes,good
1,12.0,2,4,626.0,1,3,4.0,2,1,4.0,1,24.0,bank,own,1.0,unskilled resident,1.0,none,yes,bad
4,48.0,5,2,8858.0,5,4,2.0,3,1,1.0,4,35.0,none,for free,2.0,skilled,1.0,yes,yes,good
4,12.0,5,6,996.0,5,4,4.0,2,1,4.0,1,23.0,none,own,2.0,skilled,1.0,none,yes,good
4,6.0,2,4,1750.0,3,5,2.0,3,1,4.0,2,45.0,bank,own,1.0,unskilled resident,2.0,none,yes,good
1,48.0,3,4,6999.0,1,4,1.0,4,3,1.0,1,34.0,none,own,2.0,skilled,1.0,yes,yes,bad
2,12.0,5,1,1995.0,2,2,4.0,3,1,1.0,3,27.0,none,own,1.0,skilled,1.0,none,yes,good
2,9.0,3,7,1199.0,1,4,4.0,2,1,4.0,2,67.0,none,own,2.0,high qualif/self emp/mgmt,1.0,yes,yes,good
2,12.0,3,4,1331.0,1,2,2.0,3,1,1.0,3,22.0,stores,own,1.0,skilled,1.0,none,yes,bad
2,18.0,1,1,2278.0,2,2,3.0,2,1,3.0,3,28.0,none,own,2.0,skilled,1.0,none,yes,bad
4,21.0,1,1,5003.0,5,3,1.0,2,1,4.0,2,29.0,bank,own,2.0,skilled,1.0,yes,yes,bad
1,24.0,2,3,3552.0,1,4,3.0,3,1,4.0,3,27.0,bank,own,1.0,skilled,1.0,none,yes,bad
2,18.0,5,3,1928.0,1,2,2.0,3,1,2.0,1,31.0,none,own,2.0,unskilled resident,1.0,none,yes,bad
1,24.0,3,2,2964.0,5,5,4.0,3,1,4.0,4,49.0,bank,for free,1.0,skilled,2.0,yes,yes,good
1,24.0,2,4,1546.0,1,4,4.0,3,3,4.0,3,24.0,bank,rent,1.0,unskilled resident,1.0,none,yes,bad
3,6.0,4,4,683.0,1,2,2.0,2,1,1.0,2,29.0,bank,own,1.0,skilled,1.0,none,yes,good
2,36.0,3,1,12389.0,5,3,1.0,3,1,4.0,4,37.0,none,for free,1.0,skilled,1.0,yes,yes,bad
2,24.0,4,9,4712.0,5,3,4.0,3,1,2.0,2,37.0,bank,own,2.0,high qualif/self emp/mgmt,1.0,yes,yes,good
2,24.0,4,4,1553.0,2,4,3.0,2,1,2.0,2,23.0,none,rent,2.0,skilled,1.0,yes,yes,good
1,12.0,3,1,1372.0,1,4,2.0,1,1,3.0,3,36.0,none,own,1.0,skilled,1.0,none,yes,bad
4,24.0,5,4,2578.0,4,5,2.0,3,1,2.0,3,34.0,none,own,1.0,skilled,1.0,none,yes,good
2,48.0,3,4,3979.0,5,4,4.0,3,1,1.0,3,41.0,none,own,2.0,skilled,2.0,yes,yes,good
1,48.0,3,4,6758.0,1,3,3.0,2,1,2.0,3,31.0,none,own,1.0,skilled,1.0,yes,yes,bad
1,24.0,3,3,3234.0,1,2,4.0,2,1,4.0,1,23.0,none,rent,1.0,unskilled resident,1.0,yes,yes,bad
4,30.0,5,4,5954.0,1,4,3.0,3,2,2.0,3,38.0,none,own,1.0,skilled,1.0,none,yes,good
4,24.0,3,2,5433.0,5,1,2.0,2,1,4.0,2,26.0,none,rent,1.0,high qualif/self emp/mgmt,1.0,yes,yes,good
1,15.0,3,9,806.0,1,3,4.0,2,1,4.0,2,22.0,none,own,1.0,unskilled resident,1.0,none,yes,good
2,9.0,3,4,1082.0,1,5,4.0,3,1,4.0,3,27.0,none,own,2.0,unskilled resident,1.0,none,yes,good
4,15.0,5,3,2788.0,1,4,2.0,2,2,3.0,3,24.0,bank,own,2.0,skilled,1.0,none,yes,good
2,12.0,3,4,2930.0,1,4,2.0,2,1,1.0,1,27.0,none,own,1.0,skilled,1.0,none,yes,good
4,24.0,5,7,1927.0,5,3,3.0,2,1,2.0,3,33.0,none,own,2.0,skilled,1.0,yes,yes,good
2,36.0,5,1,2820.0,1,2,4.0,1,1,4.0,3,27.0,none,own,2.0,skilled,1.0,none,yes,bad
4,24.0,3,8,937.0,1,2,4.0,4,1,3.0,3,27.0,none,own,2.0,unskilled resident,1.0,none,yes,good
2,18.0,5,1,1056.0,1,5,3.0,3,3,3.0,1,30.0,bank,own,2.0,skilled,1.0,none,yes,bad
2,12.0,5,1,3124.0,1,2,1.0,3,1,3.0,1,49.0,bank,own,2.0,unskilled resident,2.0,none,yes,good
4,9.0,3,3,1388.0,1,3,4.0,2,1,2.0,1,26.0,none,rent,1.0,skilled,1.0,none,yes,good
2,36.0,3,6,2384.0,1,2,4.0,3,1,1.0,4,33.0,none,rent,1.0,unskilled resident,1.0,none,yes,bad
4,12.0,3,1,2133.0,5,5,4.0,2,1,4.0,4,52.0,none,for free,1.0,high qualif/self emp/mgmt,1.0,yes,yes,good
1,18.0,3,3,2039.0,1,3,1.0,2,1,4.0,1,20.0,bank,rent,1.0,skilled,1.0,none,yes,bad
1,9.0,5,1,2799.0,1,3,2.0,3,1,2.0,1,36.0,none,rent,2.0,skilled,2.0,none,yes,good
1,12.0,3,3,1289.0,1,3,4.0,3,3,1.0,2,21.0,none,own,1.0,unskilled resident,1.0,none,yes,good
1,18.0,3,5,1217.0,1,3,4.0,4,1,3.0,1,47.0,none,own,1.0,unskilled resident,1.0,yes,yes,bad
1,12.0,5,3,2246.0,1,5,3.0,3,1,3.0,2,60.0,none,own,2.0,skilled,1.0,none,yes,bad
1,12.0,5,4,385.0,1,4,4.0,2,1,3.0,1,58.0,none,own,4.0,unskilled resident,1.0,yes,yes,good
2,24.0,4,1,1965.0,5,3,4.0,2,1,4.0,3,42.0,none,rent,2.0,skilled,1.0,yes,yes,good
4,21.0,3,9,1572.0,4,5,4.0,2,1,4.0,1,36.0,bank,own,1.0,unskilled resident,1.0,none,yes,good
2,24.0,3,1,2718.0,1,3,3.0,2,1,4.0,2,20.0,none,rent,1.0,unskilled resident,1.0,yes,yes,bad
1,24.0,2,10,1358.0,5,5,4.0,3,1,3.0,3,40.0,stores,own,1.0,high qualif/self emp/mgmt,1.0,yes,yes,bad
2,6.0,2,1,931.0,2,2,1.0,2,1,1.0,2,32.0,stores,own,1.0,unskilled resident,1.0,none,yes,bad
1,24.0,3,1,1442.0,1,4,4.0,2,1,4.0,3,23.0,none,rent,2.0,skilled,1.0,none,yes,bad
2,24.0,1,9,4241.0,1,3,1.0,3,1,4.0,1,36.0,none,own,3.0,unskilled resident,1.0,yes,yes,bad
4,18.0,5,1,2775.0,1,4,2.0,3,1,2.0,2,31.0,bank,own,2.0,skilled,1.0,none,yes,bad
4,24.0,4,9,3863.0,1,3,1.0,3,1,2.0,4,32.0,none,for free,1.0,skilled,1.0,none,yes,good
2,7.0,3,4,2329.0,1,2,1.0,2,3,1.0,1,45.0,none,own,1.0,skilled,1.0,none,yes,good
2,9.0,3,3,918.0,1,3,4.0,2,1,1.0,2,30.0,none,own,1.0,skilled,1.0,none,yes,bad
2,24.0,2,7,1837.0,1,4,4.0,2,1,4.0,4,34.0,bank,for free,1.0,unskilled resident,1.0,none,yes,bad
4,36.0,3,3,3349.0,1,3,4.0,2,1,2.0,3,28.0,none,own,1.0,high qualif/self emp/mgmt,1.0,yes,yes,bad
3,10.0,3,3,1275.0,1,2,4.0,2,1,2.0,2,23.0,none,own,1.0,skilled,1.0,none,yes,good
1,24.0,2,3,2828.0,3,3,4.0,3,1,4.0,1,22.0,stores,own,1.0,skilled,1.0,yes,yes,good
4,24.0,5,9,4526.0,1,3,3.0,3,1,2.0,1,74.0,none,own,1.0,high qualif/self emp/mgmt,1.0,yes,yes,good
2,36.0,3,4,2671.0,2,3,4.0,2,2,4.0,4,50.0,none,for free,1.0,skilled,1.0,none,yes,bad
4,18.0,3,4,2051.0,1,2,4.0,3,1,1.0,1,33.0,none,own,1.0,skilled,1.0,none,yes,good
4,15.0,3,2,1300.0,5,5,4.0,3,1,4.0,4,45.0,bank,for free,1.0,skilled,2.0,none,yes,good
1,12.0,3,5,741.0,2,1,4.0,2,1,3.0,2,22.0,none,own,1.0,skilled,1.0,none,yes,bad
3,10.0,3,1,1240.0,2,5,1.0,2,1,4.0,4,48.0,none,for free,1.0,unskilled resident,2.0,none,yes,bad
1,21.0,3,4,3357.0,4,2,4.0,2,1,2.0,3,29.0,bank,own,1.0,skilled,1.0,none,yes,good
1,24.0,2,2,3632.0,1,3,1.0,2,3,4.0,3,22.0,bank,rent,1.0,skilled,1.0,none,no,good
4,18.0,4,3,1808.0,1,4,4.0,2,1,1.0,1,22.0,none,own,1.0,skilled,1.0,none,yes,bad
2,48.0,1,9,12204.0,5,3,2.0,3,1,2.0,3,48.0,bank,own,1.0,high qualif/self emp/mgmt,1.0,yes,yes,good
2,60.0,4,4,9157.0,5,3,2.0,3,1,2.0,4,27.0,none,for free,1.0,high qualif/self emp/mgmt,1.0,none,yes,good
1,6.0,5,1,3676.0,1,3,1.0,3,1,3.0,1,37.0,none,rent,3.0,skilled,2.0,none,yes,good
2,30.0,3,3,3441.0,2,3,2.0,2,2,4.0,3,21.0,none,rent,1.0,skilled,1.0,none,yes,bad
4,12.0,3,1,640.0,1,3,4.0,1,1,2.0,1,49.0,none,own,1.0,unskilled resident,1.0,none,yes,good
2,21.0,5,9,3652.0,1,4,2.0,3,1,3.0,2,27.0,none,own,2.0,skilled,1.0,none,yes,good
4,18.0,5,1,1530.0,1,3,3.0,3,1,2.0,2,32.0,bank,own,2.0,skilled,1.0,none,yes,bad
4,48.0,3,9,3914.0,5,3,4.0,1,1,2.0,1,38.0,bank,own,1.0,skilled,1.0,none,yes,bad
1,12.0,3,3,1858.0,1,2,4.0,2,1,1.0,3,22.0,none,rent,1.0,skilled,1.0,none,yes,good
1,18.0,3,4,2600.0,1,3,4.0,3,1,4.0,4,65.0,none,for free,2.0,skilled,1.0,none,yes,bad
4,15.0,3,4,1979.0,5,5,4.0,3,1,2.0,3,35.0,none,own,1.0,skilled,1.0,none,yes,good
3,6.0,3,3,2116.0,1,3,2.0,3,1,2.0,1,41.0,none,own,1.0,skilled,1.0,yes,yes,good
2,9.0,2,1,1437.0,2,4,2.0,3,1,3.0,4,29.0,none,own,1.0,skilled,1.0,none,yes,bad
4,42.0,5,3,4042.0,3,3,4.0,3,1,4.0,1,36.0,none,own,2.0,skilled,1.0,yes,yes,good
4,9.0,3,7,3832.0,5,5,1.0,3,1,4.0,1,64.0,none,own,1.0,unskilled resident,1.0,none,yes,good
1,24.0,3,4,3660.0,1,3,2.0,2,1,4.0,3,28.0,none,own,1.0,skilled,1.0,none,yes,good
1,18.0,2,3,1553.0,1,3,4.0,3,1,3.0,3,44.0,bank,own,1.0,skilled,1.0,none,yes,bad
2,15.0,3,4,1444.0,5,2,4.0,3,1,1.0,2,23.0,none,own,1.0,skilled,1.0,none,yes,good
4,9.0,3,3,1980.0,1,2,2.0,2,2,2.0,3,19.0,none,rent,2.0,skilled,1.0,none,yes,bad
2,24.0,3,1,1355.0,1,2,3.0,2,1,4.0,3,25.0,none,own,1.0,unskilled resident,1.0,yes,yes,bad
4,12.0,3,7,1393.0,1,5,4.0,3,1,4.0,2,47.0,bank,own,3.0,skilled,2.0,yes,yes,good
4,24.0,3,4,1376.0,3,4,4.0,2,1,1.0,3,28.0,none,own,1.0,skilled,1.0,none,yes,good
4,60.0,4,4,15653.0,1,4,2.0,3,1,4.0,3,21.0,none,own,2.0,skilled,1.0,yes,yes,good
4,12.0,3,4,1493.0,1,2,4.0,2,1,3.0,3,34.0,none,own,1.0,skilled,2.0,none,yes,good
1,42.0,4,4,4370.0,1,4,3.0,3,1,2.0,2,26.0,bank,own,2.0,skilled,2.0,yes,yes,bad
1,18.0,3,7,750.0,1,1,4.0,2,1,1.0,1,27.0,none,own,1.0,unemp/unskilled non res,1.0,none,yes,bad
2,15.0,3,6,1308.0,1,5,4.0,3,1,4.0,3,38.0,none,own,2.0,unskilled resident,1.0,none,yes,good
4,15.0,3,7,4623.0,2,3,3.0,3,1,2.0,2,40.0,none,own,1.0,high qualif/self emp/mgmt,1.0,yes,yes,bad
4,24.0,5,4,1851.0,1,4,4.0,4,3,2.0,3,33.0,none,own,2.0,skilled,1.0,yes,yes,good
1,18.0,5,4,1880.0,1,4,4.0,4,1,1.0,2,32.0,none,own,2.0,high qualif/self emp/mgmt,1.0,yes,yes,good
4,36.0,4,9,7980.0,5,2,4.0,3,1,4.0,3,27.0,none,rent,2.0,skilled,1.0,yes,yes,bad
1,30.0,1,3,4583.0,1,3,2.0,1,3,2.0,1,32.0,none,own,2.0,skilled,1.0,none,yes,good
4,12.0,3,1,1386.0,3,3,2.0,2,1,2.0,2,26.0,none,own,1.0,skilled,1.0,none,yes,bad
3,24.0,3,1,947.0,1,4,4.0,3,1,3.0,4,38.0,bank,for free,1.0,skilled,2.0,none,yes,bad
1,12.0,3,7,684.0,1,3,4.0,3,1,4.0,3,40.0,none,rent,1.0,unskilled resident,2.0,none,yes,bad
1,48.0,3,7,7476.0,1,4,4.0,3,1,1.0,4,50.0,none,for free,1.0,high qualif/self emp/mgmt,1.0,yes,yes,good
2,12.0,3,3,1922.0,1,3,4.0,3,1,2.0,2,37.0,none,own,1.0,unskilled resident,1.0,none,yes,bad
1,24.0,3,1,2303.0,1,5,4.0,3,2,1.0,1,45.0,none,own,1.0,skilled,1.0,none,yes,bad
2,36.0,4,1,8086.0,2,5,2.0,3,1,4.0,3,42.0,none,own,4.0,high qualif/self emp/mgmt,1.0,yes,yes,bad
4,24.0,5,2,2346.0,1,4,4.0,3,1,3.0,3,35.0,none,own,2.0,skilled,1.0,yes,yes,good
1,14.0,3,1,3973.0,1,1,1.0,3,1,4.0,4,22.0,none,for free,1.0,skilled,1.0,none,yes,good
2,12.0,3,1,888.0,1,5,4.0,3,1,4.0,3,41.0,bank,own,1.0,unskilled resident,2.0,none,yes,bad
4,48.0,3,4,10222.0,5,4,4.0,3,1,3.0,3,37.0,stores,own,1.0,skilled,1.0,yes,yes,good
2,30.0,1,9,4221.0,1,3,2.0,2,1,1.0,3,28.0,none,own,2.0,skilled,1.0,none,yes,good
2,18.0,5,3,6361.0,1,5,2.0,3,1,1.0,4,41.0,none,own,1.0,skilled,1.0,yes,yes,good
3,12.0,3,4,1297.0,1,3,3.0,4,1,4.0,1,23.0,none,rent,1.0,skilled,1.0,none,yes,good
1,12.0,3,1,900.0,5,3,4.0,4,1,2.0,3,23.0,none,own,1.0,skilled,1.0,none,yes,bad
4,21.0,3,3,2241.0,1,5,4.0,3,1,2.0,1,50.0,none,own,2.0,skilled,1.0,none,yes,good
2,6.0,4,3,1050.0,1,1,4.0,3,1,1.0,2,35.0,stores,own,2.0,high qualif/self emp/mgmt,1.0,yes,yes,good
3,6.0,5,7,1047.0,1,3,2.0,2,1,4.0,2,50.0,none,own,1.0,unskilled resident,1.0,none,yes,good
4,24.0,5,10,6314.0,1,1,4.0,3,2,2.0,4,27.0,bank,own,2.0,high qualif/self emp/mgmt,1.0,yes,yes,good
2,30.0,2,3,3496.0,4,3,4.0,3,1,2.0,3,34.0,stores,own,1.0,skilled,2.0,yes,yes,good
4,48.0,2,9,3609.0,1,3,1.0,2,1,1.0,1,27.0,stores,own,1.0,skilled,1.0,none,yes,good
1,12.0,5,1,4843.0,1,5,3.0,3,2,4.0,2,43.0,none,rent,2.0,skilled,1.0,yes,yes,bad
3,30.0,5,4,3017.0,1,5,4.0,3,1,4.0,2,47.0,none,own,1.0,skilled,1.0,none,yes,good
4,24.0,5,9,4139.0,2,3,3.0,3,1,3.0,2,27.0,none,own,2.0,unskilled resident,1.0,yes,yes,good
4,36.0,3,9,5742.0,2,4,2.0,3,1,2.0,3,31.0,none,own,2.0,skilled,1.0,yes,yes,good
4,60.0,3,1,10366.0,1,5,2.0,3,1,4.0,2,42.0,none,own,1.0,high qualif/self emp/mgmt,1.0,yes,yes,good
4,6.0,5,1,2080.0,3,3,1.0,4,1,2.0,3,24.0,none,own,1.0,skilled,1.0,none,yes,good
4,21.0,4,9,2580.0,3,2,4.0,3,1,2.0,1,41.0,bank,own,1.0,unskilled resident,2.0,none,yes,bad
4,30.0,5,4,4530.0,1,4,4.0,2,1,4.0,3,26.0,none,rent,1.0,high qualif/self emp/mgmt,1.0,yes,yes,good
4,24.0,5,3,5150.0,1,5,4.0,3,1,4.0,3,33.0,none,own,1.0,skilled,1.0,yes,yes,good
2,72.0,3,4,5595.0,2,3,2.0,4,1,2.0,3,24.0,none,own,1.0,skilled,1.0,none,yes,bad
1,24.0,3,4,2384.0,1,5,4.0,3,1,4.0,1,64.0,bank,rent,1.0,unskilled resident,1.0,none,yes,good
4,18.0,3,4,1453.0,1,2,3.0,2,1,1.0,1,26.0,none,own,1.0,skilled,1.0,none,yes,good
4,6.0,3,7,1538.0,1,2,1.0,2,1,2.0,4,56.0,none,own,1.0,skilled,1.0,none,yes,good
4,12.0,3,4,2279.0,5,3,4.0,3,1,4.0,4,37.0,none,for free,1.0,skilled,1.0,yes,yes,good
4,15.0,4,4,1478.0,1,3,4.0,4,1,3.0,1,33.0,bank,own,2.0,skilled,1.0,none,yes,good
4,24.0,5,4,5103.0,1,2,3.0,4,1,3.0,4,47.0,none,for free,3.0,skilled,1.0,yes,yes,good
2,36.0,4,9,9857.0,2,4,1.0,3,1,3.0,2,31.0,none,own,2.0,unskilled resident,2.0,yes,yes,good
4,60.0,3,1,6527.0,5,3,4.0,3,1,4.0,4,34.0,none,for free,1.0,skilled,2.0,yes,yes,good
3,10.0,5,4,1347.0,5,4,4.0,3,1,2.0,2,27.0,none,own,2.0,skilled,1.0,yes,yes,good
2,36.0,4,1,2862.0,2,5,4.0,3,1,3.0,4,30.0,none,for free,1.0,skilled,1.0,none,yes,good
4,9.0,3,4,2753.0,2,5,3.0,3,2,4.0,3,35.0,none,own,1.0,skilled,1.0,yes,yes,good
1,12.0,3,1,3651.0,4,3,1.0,3,1,3.0,2,31.0,none,own,1.0,skilled,2.0,none,yes,good
1,15.0,5,3,975.0,1,3,2.0,1,1,3.0,2,25.0,none,own,2.0,skilled,1.0,none,yes,good
2,15.0,3,6,2631.0,2,3,3.0,2,1,2.0,1,25.0,none,own,1.0,unskilled resident,1.0,none,yes,good
2,24.0,3,4,2896.0,2,2,2.0,3,1,1.0,3,29.0,none,own,1.0,skilled,1.0,none,yes,good
1,6.0,5,1,4716.0,5,2,1.0,3,1,3.0,1,44.0,none,own,2.0,unskilled resident,2.0,none,yes,good
4,24.0,3,4,2284.0,1,4,4.0,3,1,2.0,3,28.0,none,own,1.0,skilled,1.0,yes,yes,good
4,6.0,3,2,1236.0,3,3,2.0,3,1,4.0,2,50.0,none,rent,1.0,skilled,1.0,none,yes,good
2,12.0,3,4,1103.0,1,4,4.0,3,3,3.0,1,29.0,none,own,2.0,skilled,1.0,none,no,good
4,12.0,5,1,926.0,1,1,1.0,2,1,2.0,2,38.0,none,own,1.0,unemp/unskilled non res,1.0,none,yes,good
4,18.0,5,4,1800.0,1,3,4.0,3,1,2.0,3,24.0,none,own,2.0,skilled,1.0,none,yes,good
3,15.0,3,7,1905.0,1,5,4.0,3,1,4.0,3,40.0,none,rent,1.0,high qualif/self emp/mgmt,1.0,yes,yes,good
4,12.0,3,3,1123.0,3,3,4.0,2,1,4.0,3,29.0,none,rent,1.0,unskilled resident,1.0,none,yes,bad
1,48.0,5,2,6331.0,1,5,4.0,3,1,4.0,4,46.0,none,for free,2.0,skilled,1.0,yes,yes,bad
3,24.0,3,4,1377.0,2,5,4.0,2,1,2.0,4,47.0,none,for free,1.0,skilled,1.0,yes,yes,good
2,30.0,4,9,2503.0,2,5,4.0,3,1,2.0,2,41.0,stores,own,2.0,skilled,1.0,none,yes,good
2,27.0,3,9,2528.0,1,2,4.0,2,1,1.0,2,32.0,none,own,1.0,skilled,2.0,yes,yes,good
4,15.0,3,1,5324.0,3,5,1.0,2,1,4.0,4,35.0,none,for free,1.0,skilled,1.0,none,yes,good
2,48.0,3,1,6560.0,2,4,3.0,3,1,2.0,2,24.0,none,own,1.0,skilled,1.0,none,yes,bad
2,12.0,1,3,2969.0,1,2,4.0,2,1,3.0,2,25.0,none,rent,2.0,skilled,1.0,none,yes,bad
2,9.0,3,4,1206.0,1,5,4.0,2,1,4.0,1,25.0,none,own,1.0,skilled,1.0,none,yes,good
2,9.0,3,4,2118.0,1,3,2.0,3,1,2.0,1,37.0,none,own,1.0,unskilled resident,2.0,none,yes,good
4,18.0,5,4,629.0,3,5,4.0,3,1,3.0,2,32.0,bank,own,2.0,high qualif/self emp/mgmt,1.0,yes,yes,good
1,6.0,2,7,1198.0,1,5,4.0,2,1,4.0,4,35.0,none,for free,1.0,skilled,1.0,none,yes,bad
4,21.0,3,2,2476.0,5,5,4.0,3,1,4.0,1,46.0,none,own,1.0,high qualif/self emp/mgmt,1.0,yes,yes,good
1,9.0,5,4,1138.0,1,3,4.0,3,1,4.0,1,25.0,none,own,2.0,unskilled resident,1.0,none,yes,good
2,60.0,3,1,14027.0,1,4,4.0,3,1,2.0,4,27.0,none,own,1.0,high qualif/self emp/mgmt,1.0,yes,yes,bad
4,30.0,5,2,7596.0,5,5,1.0,3,1,4.0,3,63.0,none,own,2.0,skilled,1.0,none,yes,good
4,30.0,5,4,3077.0,5,5,3.0,3,1,2.0,3,40.0,none,own,2.0,skilled,2.0,yes,yes,good
4,18.0,3,4,1505.0,1,3,4.0,3,1,2.0,4,32.0,none,for free,1.0,high qualif/self emp/mgmt,1.0,yes,yes,good
3,24.0,5,4,3148.0,5,3,3.0,3,1,2.0,3,31.0,none,own,2.0,skilled,1.0,yes,yes,good
2,20.0,1,2,6148.0,2,5,3.0,4,1,4.0,3,31.0,bank,own,2.0,skilled,1.0,yes,yes,good
3,9.0,1,4,1337.0,1,2,4.0,3,1,2.0,3,34.0,none,own,2.0,high qualif/self emp/mgmt,1.0,yes,yes,bad
2,6.0,2,7,433.0,4,2,4.0,2,1,2.0,2,24.0,bank,rent,1.0,skilled,2.0,none,yes,bad
1,12.0,3,1,1228.0,1,3,4.0,2,1,2.0,1,24.0,none,own,1.0,unskilled resident,1.0,none,yes,bad
2,9.0,3,4,790.0,3,3,4.0,2,1,3.0,1,66.0,none,own,1.0,unskilled resident,1.0,none,yes,good
4,27.0,3,1,2570.0,1,3,3.0,2,1,3.0,1,21.0,none,rent,1.0,skilled,1.0,none,yes,bad
4,6.0,5,1,250.0,4,3,2.0,2,1,2.0,1,41.0,bank,own,2.0,unskilled resident,1.0,none,yes,good
4,15.0,5,4,1316.0,3,3,2.0,4,1,2.0,2,47.0,none,own,2.0,unskilled resident,1.0,none,yes,good
1,18.0,3,4,1882.0,1,3,4.0,2,1,4.0,3,25.0,bank,rent,2.0,skilled,1.0,none,yes,bad
2,48.0,2,9,6416.0,1,5,4.0,2,1,3.0,4,59.0,none,rent,1.0,skilled,1.0,none,yes,bad
3,24.0,5,9,1275.0,4,3,2.0,1,1,4.0,1,36.0,none,own,2.0,skilled,1.0,yes,yes,good
2,24.0,4,4,6403.0,1,2,1.0,3,1,2.0,3,33.0,none,own,1.0,skilled,1.0,none,yes,good
1,24.0,3,4,1987.0,1,3,2.0,3,1,4.0,1,21.0,none,rent,1.0,unskilled resident,2.0,none,yes,bad
2,8.0,3,4,760.0,1,4,4.0,2,3,2.0,1,44.0,none,own,1.0,unskilled resident,1.0,none,yes,good
4,24.0,3,2,2603.0,4,3,2.0,2,1,4.0,3,28.0,none,rent,1.0,skilled,1.0,yes,yes,good
4,4.0,5,1,3380.0,1,4,1.0,2,1,1.0,1,37.0,none,own,1.0,skilled,2.0,none,yes,good
2,36.0,2,5,3990.0,5,2,3.0,2,1,2.0,4,29.0,bank,own,1.0,unemp/unskilled non res,1.0,none,yes,good
2,24.0,3,2,11560.0,1,3,1.0,2,1,4.0,3,23.0,none,rent,2.0,high qualif/self emp/mgmt,1.0,none,yes,bad
1,18.0,3,1,4380.0,2,3,3.0,3,1,4.0,3,35.0,none,own,1.0,unskilled resident,2.0,yes,yes,good
4,6.0,5,1,6761.0,1,4,1.0,3,1,3.0,4,45.0,none,own,2.0,high qualif/self emp/mgmt,2.0,yes,yes,good
2,30.0,1,9,4280.0,2,3,4.0,2,1,4.0,3,26.0,none,rent,2.0,unskilled resident,1.0,none,yes,bad
1,24.0,2,1,2325.0,2,4,2.0,3,1,3.0,3,32.0,bank,own,1.0,skilled,1.0,none,yes,good
2,10.0,2,4,1048.0,1,3,4.0,3,1,4.0,1,23.0,stores,own,1.0,unskilled resident,1.0,none,yes,good
4,21.0,3,4,3160.0,5,5,4.0,3,1,3.0,2,41.0,none,own,1.0,skilled,1.0,yes,yes,good
1,24.0,2,3,2483.0,3,3,4.0,3,1,4.0,1,22.0,stores,own,1.0,skilled,1.0,yes,yes,good
1,39.0,5,3,14179.0,5,4,4.0,3,1,4.0,2,30.0,none,own,2.0,high qualif/self emp/mgmt,1.0,yes,yes,good
1,13.0,5,9,1797.0,1,2,3.0,3,1,1.0,2,28.0,bank,own,2.0,unskilled resident,1.0,none,yes,good
1,15.0,3,1,2511.0,1,1,1.0,2,1,4.0,3,23.0,none,rent,1.0,skilled,1.0,none,yes,good
1,12.0,3,1,1274.0,1,2,3.0,2,1,1.0,1,37.0,none,own,1.0,unskilled resident,1.0,none,yes,bad
4,21.0,3,2,5248.0,5,3,1.0,3,1,3.0,3,26.0,none,own,1.0,skilled,1.0,none,yes,good
4,15.0,3,2,3029.0,1,4,2.0,3,1,2.0,3,33.0,none,own,1.0,skilled,1.0,none,yes,good
1,6.0,3,3,428.0,1,5,2.0,2,1,1.0,2,49.0,bank,own,1.0,skilled,1.0,yes,yes,good
1,18.0,3,1,976.0,1,2,1.0,2,1,2.0,3,23.0,none,own,1.0,unskilled resident,1.0,none,yes,bad
2,12.0,3,9,841.0,2,4,2.0,2,1,4.0,1,23.0,none,rent,1.0,unskilled resident,1.0,none,yes,good
4,30.0,5,4,5771.0,1,4,4.0,2,1,2.0,3,25.0,none,own,2.0,skilled,1.0,none,yes,good
4,12.0,4,6,1555.0,4,5,4.0,3,1,4.0,4,55.0,none,for free,2.0,skilled,2.0,none,yes,bad
1,24.0,3,1,1285.0,5,4,4.0,2,1,4.0,4,32.0,none,rent,1.0,skilled,1.0,none,yes,bad
3,6.0,5,1,1299.0,1,3,1.0,3,1,1.0,1,74.0,none,own,3.0,unemp/unskilled non res,2.0,none,no,good
3,15.0,5,4,1271.0,5,3,3.0,3,1,4.0,4,39.0,none,for free,2.0,skilled,1.0,yes,yes,bad
4,24.0,3,1,1393.0,1,3,2.0,3,3,2.0,1,31.0,none,own,1.0,skilled,1.0,yes,yes,good
1,12.0,5,1,691.0,1,5,4.0,3,1,3.0,2,35.0,none,own,2.0,skilled,1.0,none,yes,bad
4,15.0,5,1,5045.0,5,5,1.0,2,1,4.0,3,59.0,none,own,1.0,skilled,1.0,yes,yes,good
1,18.0,5,3,2124.0,1,3,4.0,2,1,4.0,1,24.0,none,rent,2.0,skilled,1.0,none,yes,bad
1,12.0,3,4,2214.0,1,3,4.0,3,1,3.0,2,24.0,none,own,1.0,unskilled resident,1.0,none,yes,good
4,21.0,5,1,12680.0,5,5,4.0,3,1,4.0,4,30.0,none,for free,1.0,high qualif/self emp/mgmt,1.0,yes,yes,bad
4,24.0,5,1,2463.0,2,4,4.0,4,1,3.0,2,27.0,none,own,2.0,skilled,1.0,yes,yes,good
2,12.0,3,4,1155.0,1,5,3.0,4,3,3.0,1,40.0,bank,own,2.0,unskilled resident,1.0,none,yes,good
1,30.0,3,3,3108.0,1,2,2.0,1,1,4.0,2,31.0,none,own,1.0,unskilled resident,1.0,none,yes,bad
4,10.0,3,2,2901.0,5,2,1.0,2,1,4.0,1,31.0,none,rent,1.0,skilled,1.0,none,yes,good
2,12.0,5,3,3617.0,1,5,1.0,3,1,4.0,3,28.0,none,rent,3.0,skilled,1.0,yes,yes,good
4,12.0,5,4,1655.0,1,5,2.0,3,1,4.0,1,63.0,none,own,2.0,unskilled resident,1.0,yes,yes,good
1,24.0,3,2,2812.0,5,5,2.0,2,1,4.0,1,26.0,none,rent,1.0,skilled,1.0,none,yes,good
1,36.0,5,7,8065.0,1,3,3.0,2,1,2.0,4,25.0,none,own,2.0,high qualif/self emp/mgmt,1.0,yes,yes,bad
4,21.0,5,2,3275.0,1,5,1.0,3,1,4.0,3,36.0,none,own,1.0,high qualif/self emp/mgmt,1.0,yes,yes,good
4,24.0,5,4,2223.0,2,5,4.0,3,1,4.0,2,52.0,bank,own,2.0,skilled,1.0,none,yes,good
3,12.0,5,1,1480.0,3,1,2.0,3,1,4.0,4,66.0,bank,for free,3.0,unemp/unskilled non res,1.0,none,yes,good
1,24.0,3,1,1371.0,5,3,4.0,2,1,4.0,1,25.0,none,rent,1.0,skilled,1.0,none,yes,bad
4,36.0,5,1,3535.0,1,4,4.0,3,1,4.0,3,37.0,none,own,2.0,skilled,1.0,yes,yes,good
1,18.0,3,4,3509.0,1,4,4.0,2,3,1.0,1,25.0,none,own,1.0,skilled,1.0,none,yes,good
4,36.0,5,2,5711.0,4,5,4.0,3,1,2.0,3,38.0,none,own,2.0,high qualif/self emp/mgmt,1.0,yes,yes,good
2,18.0,3,6,3872.0,1,1,2.0,2,1,4.0,3,67.0,none,own,1.0,skilled,1.0,yes,yes,good
2,39.0,5,4,4933.0,1,4,2.0,3,3,2.0,1,25.0,none,own,2.0,skilled,1.0,none,yes,bad
4,24.0,5,1,1940.0,4,5,4.0,3,1,4.0,1,60.0,none,own,1.0,skilled,1.0,yes,yes,good
2,12.0,1,8,1410.0,1,3,2.0,3,1,2.0,1,31.0,none,own,1.0,unskilled resident,1.0,yes,yes,good
2,12.0,3,1,836.0,2,2,4.0,2,1,2.0,2,23.0,bank,own,1.0,unskilled resident,1.0,none,yes,bad
2,20.0,3,2,6468.0,5,1,1.0,1,1,4.0,1,60.0,none,own,1.0,high qualif/self emp/mgmt,1.0,yes,yes,good
2,18.0,3,9,1941.0,4,3,4.0,3,1,2.0,2,35.0,none,own,1.0,unskilled resident,1.0,yes,yes,good
4,22.0,3,4,2675.0,3,5,3.0,3,1,4.0,3,40.0,none,own,1.0,skilled,1.0,none,yes,good
4,48.0,5,2,2751.0,5,5,4.0,3,1,3.0,3,38.0,none,own,2.0,skilled,2.0,yes,yes,good
2,48.0,4,7,6224.0,1,5,4.0,3,1,4.0,4,50.0,none,for free,1.0,skilled,1.0,none,yes,bad
1,40.0,5,7,5998.0,1,3,4.0,3,1,3.0,4,27.0,bank,own,1.0,skilled,1.0,yes,yes,bad
2,21.0,3,9,1188.0,1,5,2.0,2,1,4.0,2,39.0,none,own,1.0,skilled,2.0,none,yes,bad
4,24.0,3,2,6313.0,5,5,3.0,3,1,4.0,3,41.0,none,own,1.0,high qualif/self emp/mgmt,2.0,yes,yes,good
4,6.0,5,3,1221.0,5,3,1.0,4,1,2.0,2,27.0,none,own,2.0,skilled,1.0,none,yes,good
3,24.0,3,3,2892.0,1,5,3.0,1,1,4.0,4,51.0,none,for free,1.0,skilled,1.0,none,yes,good
4,24.0,3,3,3062.0,3,5,4.0,3,1,3.0,4,32.0,none,rent,1.0,skilled,1.0,yes,yes,good
4,9.0,3,3,2301.0,2,2,2.0,2,1,4.0,2,22.0,none,rent,1.0,skilled,1.0,none,yes,good
1,18.0,3,2,7511.0,5,5,1.0,3,1,4.0,2,51.0,none,for free,1.0,skilled,2.0,yes,yes,bad
4,12.0,5,3,1258.0,1,2,2.0,2,1,4.0,2,22.0,none,rent,2.0,unskilled resident,1.0,none,yes,good
4,24.0,4,1,717.0,5,5,4.0,4,1,4.0,3,54.0,none,own,2.0,skilled,1.0,yes,yes,good
2,9.0,3,1,1549.0,5,2,4.0,3,1,2.0,1,35.0,none,own,1.0,unemp/unskilled non res,1.0,none,yes,good
4,24.0,5,7,1597.0,1,5,4.0,3,1,4.0,4,54.0,none,for free,2.0,skilled,2.0,none,yes,good
2,18.0,5,4,1795.0,1,5,3.0,2,3,4.0,1,48.0,bank,rent,2.0,unskilled resident,1.0,yes,yes,good
1,20.0,5,3,4272.0,1,5,1.0,2,1,4.0,2,24.0,none,own,2.0,skilled,1.0,none,yes,good
4,12.0,5,4,976.0,5,5,4.0,3,1,4.0,3,35.0,none,own,2.0,skilled,1.0,none,yes,good
2,12.0,3,1,7472.0,5,1,1.0,2,1,2.0,1,24.0,none,rent,1.0,unemp/unskilled non res,1.0,none,yes,good
1,36.0,3,1,9271.0,1,4,2.0,3,1,1.0,3,24.0,none,own,1.0,skilled,1.0,yes,yes,bad
2,6.0,3,4,590.0,1,2,3.0,4,1,3.0,1,26.0,none,own,1.0,unskilled resident,1.0,none,no,good
4,12.0,5,4,930.0,5,5,4.0,3,1,4.0,1,65.0,none,own,4.0,skilled,1.0,none,yes,good
2,42.0,2,2,9283.0,1,1,1.0,3,1,2.0,4,55.0,bank,for free,1.0,high qualif/self emp/mgmt,1.0,yes,yes,good
2,15.0,1,1,1778.0,1,2,2.0,2,1,1.0,1,26.0,none,rent,2.0,unemp/unskilled non res,1.0,none,yes,bad
2,8.0,3,9,907.0,1,2,3.0,4,1,2.0,1,26.0,none,own,1.0,skilled,1.0,yes,yes,good
2,6.0,3,4,484.0,1,4,3.0,4,3,3.0,1,28.0,bank,own,1.0,unskilled resident,1.0,none,yes,good
1,36.0,5,2,9629.0,1,4,4.0,3,1,4.0,3,24.0,none,own,2.0,skilled,1.0,yes,yes,bad
1,48.0,3,5,3051.0,1,3,3.0,3,1,4.0,3,54.0,none,own,1.0,skilled,1.0,none,yes,bad
1,48.0,3,1,3931.0,1,4,4.0,3,1,4.0,4,46.0,none,for free,1.0,skilled,2.0,none,yes,bad
2,36.0,4,1,7432.0,1,3,2.0,2,1,2.0,2,54.0,none,rent,1.0,skilled,1.0,none,yes,good
4,6.0,3,5,1338.0,3,3,1.0,1,1,4.0,1,62.0,none,own,1.0,skilled,1.0,none,yes,good
4,6.0,5,4,1554.0,1,4,1.0,2,1,2.0,3,24.0,none,rent,2.0,skilled,1.0,yes,yes,good
1,36.0,3,10,15857.0,1,1,2.0,1,2,3.0,3,43.0,none,own,1.0,high qualif/self emp/mgmt,1.0,none,yes,good
1,18.0,3,4,1345.0,1,3,4.0,4,1,3.0,1,26.0,bank,own,1.0,skilled,1.0,none,yes,bad
4,12.0,3,1,1101.0,1,3,3.0,4,1,2.0,1,27.0,none,own,2.0,skilled,1.0,yes,yes,good
3,12.0,3,4,3016.0,1,3,3.0,4,1,1.0,3,24.0,none,own,1.0,skilled,1.0,none,yes,good
1,36.0,3,3,2712.0,1,5,2.0,3,1,2.0,2,41.0,bank,own,1.0,skilled,2.0,none,yes,bad
1,8.0,5,1,731.0,1,5,4.0,3,1,4.0,1,47.0,none,own,2.0,unskilled resident,1.0,none,yes,good
4,18.0,5,3,3780.0,1,2,3.0,1,1,2.0,3,35.0,none,own,2.0,high qualif/self emp/mgmt,1.0,yes,yes,good
1,21.0,5,1,1602.0,1,5,4.0,4,1,3.0,3,30.0,none,own,2.0,skilled,1.0,yes,yes,good
1,18.0,5,1,3966.0,1,5,1.0,2,1,4.0,1,33.0,bank,rent,3.0,skilled,1.0,yes,yes,bad
4,18.0,1,9,4165.0,1,3,2.0,3,1,2.0,3,36.0,stores,own,2.0,skilled,2.0,none,yes,bad
1,36.0,3,2,8335.0,5,5,3.0,3,1,4.0,4,47.0,none,for free,1.0,skilled,1.0,none,yes,bad
2,48.0,4,9,6681.0,5,3,4.0,3,1,4.0,4,38.0,none,for free,1.0,skilled,2.0,yes,yes,good
4,24.0,4,9,2375.0,3,3,4.0,3,1,2.0,3,44.0,none,own,2.0,skilled,2.0,yes,yes,good
1,18.0,3,1,1216.0,1,2,4.0,2,1,3.0,3,23.0,none,rent,1.0,skilled,1.0,yes,yes,bad
1,45.0,1,9,11816.0,1,5,2.0,3,1,4.0,3,29.0,none,rent,2.0,skilled,1.0,none,yes,bad
2,24.0,3,4,5084.0,5,5,2.0,2,1,4.0,3,42.0,none,own,1.0,skilled,1.0,yes,yes,good
3,15.0,3,4,2327.0,1,2,2.0,2,1,3.0,1,25.0,none,own,1.0,unskilled resident,1.0,none,yes,bad
1,12.0,1,1,1082.0,1,3,4.0,3,1,4.0,3,48.0,bank,own,2.0,skilled,1.0,none,yes,bad
4,12.0,3,4,886.0,5,3,4.0,2,1,2.0,3,21.0,none,own,1.0,skilled,1.0,none,yes,good
4,4.0,3,3,601.0,1,2,1.0,2,1,3.0,1,23.0,none,rent,1.0,unskilled resident,2.0,none,yes,good
1,24.0,5,2,2957.0,1,5,4.0,3,1,4.0,2,63.0,none,own,2.0,skilled,1.0,yes,yes,good
4,24.0,5,4,2611.0,1,5,4.0,4,2,3.0,1,46.0,none,own,2.0,skilled,1.0,none,yes,good
1,36.0,3,3,5179.0,1,4,4.0,3,1,2.0,2,29.0,none,own,1.0,skilled,1.0,none,yes,bad
4,21.0,4,2,2993.0,1,3,3.0,3,1,2.0,1,28.0,stores,own,2.0,unskilled resident,1.0,none,yes,good
4,18.0,3,6,1943.0,1,2,4.0,2,1,4.0,1,23.0,none,own,1.0,skilled,1.0,none,yes,bad
4,24.0,2,9,1559.0,1,4,4.0,3,1,4.0,3,50.0,bank,own,1.0,skilled,1.0,yes,yes,good
4,18.0,3,3,3422.0,1,5,4.0,3,1,4.0,2,47.0,bank,own,3.0,skilled,2.0,yes,yes,good
2,21.0,3,3,3976.0,5,4,2.0,3,1,3.0,3,35.0,none,own,1.0,skilled,1.0,yes,yes,good
4,18.0,3,1,6761.0,5,3,2.0,3,1,4.0,3,68.0,none,rent,2.0,skilled,1.0,none,yes,bad
4,24.0,3,1,1249.0,1,2,4.0,4,1,2.0,1,28.0,none,own,1.0,skilled,1.0,none,yes,good
1,9.0,3,4,1364.0,1,4,3.0,3,1,4.0,1,59.0,none,own,1.0,skilled,1.0,none,yes,good
1,12.0,3,4,709.0,1,5,4.0,3,1,4.0,1,57.0,stores,own,1.0,unskilled resident,1.0,none,yes,bad
1,20.0,5,1,2235.0,1,3,4.0,4,3,2.0,2,33.0,bank,rent,2.0,skilled,1.0,none,no,bad
4,24.0,5,2,4042.0,5,4,3.0,3,1,4.0,2,43.0,none,own,2.0,skilled,1.0,yes,yes,good
4,15.0,5,4,1471.0,1,3,4.0,3,1,4.0,4,35.0,none,for free,2.0,skilled,1.0,yes,yes,good
1,18.0,2,1,1442.0,1,4,4.0,3,1,4.0,4,32.0,none,for free,2.0,unskilled resident,2.0,none,yes,bad
4,36.0,4,1,10875.0,1,5,2.0,3,1,2.0,3,45.0,none,own,2.0,skilled,2.0,yes,yes,good
4,24.0,3,1,1474.0,2,2,4.0,4,1,3.0,1,33.0,none,own,1.0,skilled,1.0,yes,yes,good
4,10.0,3,8,894.0,5,4,4.0,2,1,3.0,2,40.0,none,own,1.0,skilled,1.0,yes,yes,good
4,15.0,5,3,3343.0,1,3,4.0,3,1,2.0,4,28.0,none,for free,1.0,skilled,1.0,yes,yes,good
1,15.0,3,1,3959.0,1,3,3.0,2,1,2.0,2,29.0,none,own,1.0,skilled,1.0,yes,yes,bad
4,9.0,3,1,3577.0,2,3,1.0,3,3,2.0,1,26.0,none,rent,1.0,skilled,2.0,none,no,good
4,24.0,5,2,5804.0,4,3,4.0,3,1,2.0,1,27.0,none,own,2.0,skilled,1.0,none,yes,good
4,18.0,4,9,2169.0,1,3,4.0,4,1,2.0,3,28.0,none,own,1.0,skilled,1.0,yes,yes,bad
1,24.0,3,4,2439.0,1,2,4.0,2,1,4.0,1,35.0,none,own,1.0,skilled,1.0,yes,yes,bad
4,27.0,5,3,4526.0,4,2,4.0,3,1,2.0,1,32.0,stores,own,2.0,unskilled resident,2.0,yes,yes,good
4,10.0,3,3,2210.0,1,3,2.0,3,1,2.0,1,25.0,bank,rent,1.0,unskilled resident,1.0,none,yes,bad
4,15.0,3,3,2221.0,3,3,2.0,2,1,4.0,3,20.0,none,rent,1.0,skilled,1.0,none,yes,good
1,18.0,3,4,2389.0,1,2,4.0,2,1,1.0,3,27.0,stores,own,1.0,skilled,1.0,none,yes,good
4,12.0,5,3,3331.0,1,5,2.0,3,1,4.0,2,42.0,stores,own,1.0,skilled,1.0,none,yes,good
4,36.0,3,9,7409.0,5,5,3.0,3,1,2.0,2,37.0,none,own,2.0,skilled,1.0,none,yes,good
1,12.0,3,3,652.0,1,5,4.0,2,1,4.0,2,24.0,none,rent,1.0,skilled,1.0,none,yes,good
4,36.0,4,3,7678.0,3,4,2.0,2,1,4.0,3,40.0,none,own,2.0,skilled,1.0,yes,yes,good
3,6.0,5,1,1343.0,1,5,1.0,3,1,4.0,1,46.0,none,own,2.0,skilled,2.0,none,no,good
1,24.0,5,9,1382.0,2,4,4.0,3,1,1.0,1,26.0,none,own,2.0,skilled,1.0,yes,yes,good
4,15.0,3,5,874.0,5,2,4.0,2,1,1.0,1,24.0,none,own,1.0,skilled,1.0,none,yes,good
1,12.0,3,3,3590.0,1,3,2.0,3,2,2.0,2,29.0,none,own,1.0,unskilled resident,2.0,none,yes,good
2,11.0,5,1,1322.0,4,3,4.0,2,1,4.0,3,40.0,none,own,2.0,skilled,1.0,none,yes,good
1,18.0,2,4,1940.0,1,2,3.0,3,2,4.0,4,36.0,bank,for free,1.0,high qualif/self emp/mgmt,1.0,yes,yes,good
4,36.0,3,4,3595.0,1,5,4.0,3,1,2.0,3,28.0,none,own,1.0,skilled,1.0,none,yes,good
1,9.0,3,1,1422.0,1,2,3.0,3,1,2.0,4,27.0,none,for free,1.0,high qualif/self emp/mgmt,1.0,yes,yes,bad
4,30.0,5,4,6742.0,5,4,2.0,3,1,3.0,2,36.0,none,own,2.0,skilled,1.0,none,yes,good
4,24.0,3,2,7814.0,1,4,3.0,3,1,3.0,3,38.0,none,own,1.0,high qualif/self emp/mgmt,1.0,yes,yes,good
4,24.0,3,2,9277.0,5,3,2.0,1,1,4.0,4,48.0,none,for free,1.0,skilled,1.0,yes,yes,good
2,30.0,5,1,2181.0,5,5,4.0,3,1,4.0,1,36.0,none,own,2.0,skilled,1.0,none,yes,good
4,18.0,5,4,1098.0,1,1,4.0,2,1,4.0,3,65.0,none,own,2.0,unemp/unskilled non res,1.0,none,yes,good
2,24.0,3,3,4057.0,1,4,3.0,1,1,3.0,3,43.0,none,own,1.0,skilled,1.0,yes,yes,bad
1,12.0,3,7,795.0,1,2,4.0,2,1,4.0,2,53.0,none,own,1.0,skilled,1.0,none,yes,bad
2,24.0,5,9,2825.0,5,4,4.0,3,1,3.0,4,34.0,none,own,2.0,skilled,2.0,yes,yes,good
2,48.0,3,9,15672.0,1,3,2.0,3,1,2.0,3,23.0,none,own,1.0,skilled,1.0,yes,yes,bad
4,36.0,5,1,6614.0,1,5,4.0,3,1,4.0,3,34.0,none,own,2.0,high qualif/self emp/mgmt,1.0,yes,yes,good
4,28.0,2,2,7824.0,5,2,3.0,3,3,4.0,1,40.0,bank,rent,2.0,skilled,2.0,yes,yes,good
1,27.0,5,9,2442.0,1,5,4.0,3,1,4.0,3,43.0,stores,own,4.0,high qualif/self emp/mgmt,2.0,yes,yes,good
4,15.0,5,4,1829.0,1,5,4.0,3,1,4.0,3,46.0,none,own,2.0,skilled,1.0,yes,yes,good
1,12.0,5,1,2171.0,1,3,4.0,3,1,4.0,2,38.0,bank,own,2.0,unskilled resident,1.0,none,no,good
2,36.0,5,2,5800.0,1,3,3.0,3,1,4.0,3,34.0,none,own,2.0,skilled,1.0,yes,yes,good
4,18.0,5,4,1169.0,5,3,4.0,3,1,3.0,2,29.0,none,own,2.0,skilled,1.0,yes,yes,good
4,36.0,4,2,8947.0,5,4,3.0,3,1,2.0,3,31.0,stores,own,1.0,high qualif/self emp/mgmt,2.0,yes,yes,good
1,21.0,3,4,2606.0,1,2,4.0,2,1,4.0,2,28.0,none,rent,1.0,high qualif/self emp/mgmt,1.0,yes,yes,good
4,12.0,5,3,1592.0,4,4,3.0,2,1,2.0,2,35.0,none,own,1.0,skilled,1.0,none,no,good
4,15.0,3,3,2186.0,5,4,1.0,2,1,4.0,1,33.0,bank,rent,1.0,unskilled resident,1.0,none,yes,good
1,18.0,3,3,4153.0,1,3,2.0,3,2,3.0,3,42.0,none,own,1.0,skilled,1.0,none,yes,bad
1,16.0,5,1,2625.0,1,5,2.0,3,3,4.0,2,43.0,bank,rent,1.0,skilled,1.0,yes,yes,bad
4,20.0,5,1,3485.0,5,2,2.0,1,1,4.0,1,44.0,none,own,2.0,skilled,1.0,yes,yes,good
4,36.0,5,2,10477.0,5,5,2.0,3,1,4.0,4,42.0,none,for free,2.0,skilled,1.0,none,yes,good
4,15.0,3,4,1386.0,5,3,4.0,4,1,2.0,1,40.0,none,rent,1.0,skilled,1.0,yes,yes,good
4,24.0,3,4,1278.0,1,5,4.0,3,1,1.0,1,36.0,none,own,1.0,high qualif/self emp/mgmt,1.0,yes,yes,good
1,12.0,3,4,1107.0,1,3,2.0,3,1,2.0,1,20.0,none,rent,1.0,high qualif/self emp/mgmt,2.0,yes,yes,good
1,21.0,3,1,3763.0,5,4,2.0,3,2,2.0,1,24.0,none,own,1.0,unskilled resident,1.0,none,no,good
2,36.0,3,7,3711.0,5,3,2.0,4,1,2.0,3,27.0,none,own,1.0,skilled,1.0,none,yes,good
4,15.0,4,2,3594.0,1,2,1.0,2,1,2.0,2,46.0,none,own,2.0,unskilled resident,1.0,none,yes,good
2,9.0,3,1,3195.0,5,3,1.0,2,1,2.0,1,33.0,none,own,1.0,unskilled resident,1.0,none,yes,good
4,36.0,4,4,4454.0,1,3,4.0,2,1,4.0,1,34.0,none,own,2.0,skilled,1.0,none,yes,good
2,24.0,5,3,4736.0,1,2,2.0,2,1,4.0,3,25.0,bank,own,1.0,unskilled resident,1.0,none,yes,bad
2,30.0,3,4,2991.0,5,5,2.0,2,1,4.0,3,25.0,none,own,1.0,skilled,1.0,none,yes,good
4,11.0,3,9,2142.0,4,5,1.0,1,1,2.0,1,28.0,none,own,1.0,skilled,1.0,yes,yes,good
1,24.0,2,9,3161.0,1,3,4.0,3,1,2.0,2,31.0,none,rent,1.0,skilled,1.0,yes,yes,bad
2,48.0,1,10,18424.0,1,3,1.0,2,1,2.0,2,32.0,bank,own,1.0,high qualif/self emp/mgmt,1.0,yes,no,bad
4,10.0,3,2,2848.0,2,3,1.0,3,2,2.0,1,32.0,none,own,1.0,skilled,2.0,none,yes,good
1,6.0,3,1,14896.0,1,5,1.0,3,1,4.0,4,68.0,bank,own,1.0,high qualif/self emp/mgmt,1.0,yes,yes,bad
1,24.0,3,3,2359.0,2,1,1.0,1,1,1.0,2,33.0,none,own,1.0,skilled,1.0,none,yes,bad
1,24.0,3,3,3345.0,1,5,4.0,3,1,2.0,2,39.0,none,rent,1.0,high qualif/self emp/mgmt,1.0,yes,yes,bad
4,18.0,5,3,1817.0,1,3,4.0,2,1,2.0,4,28.0,none,own,2.0,skilled,1.0,none,yes,good
4,48.0,4,4,12749.0,3,4,4.0,3,1,1.0,3,37.0,none,own,1.0,high qualif/self emp/mgmt,1.0,yes,yes,good
1,9.0,3,4,1366.0,1,2,3.0,2,1,4.0,2,22.0,none,rent,1.0,skilled,1.0,none,yes,bad
2,12.0,3,1,2002.0,1,4,3.0,3,1,4.0,2,30.0,none,rent,1.0,skilled,2.0,yes,yes,good
1,24.0,2,3,6872.0,1,2,2.0,1,1,1.0,2,55.0,bank,own,1.0,skilled,1.0,yes,yes,bad
1,12.0,2,1,697.0,1,2,4.0,3,1,2.0,3,46.0,bank,own,2.0,skilled,1.0,yes,yes,bad
1,18.0,5,3,1049.0,1,2,4.0,2,1,4.0,2,21.0,none,rent,1.0,skilled,1.0,none,yes,good
1,48.0,3,2,10297.0,1,4,4.0,3,1,4.0,4,39.0,stores,for free,3.0,skilled,2.0,yes,yes,bad
4,30.0,3,4,1867.0,5,5,4.0,3,1,4.0,3,58.0,none,own,1.0,skilled,1.0,yes,yes,good
1,12.0,4,1,1344.0,1,3,4.0,3,1,2.0,1,43.0,none,own,2.0,unskilled resident,2.0,none,yes,good
1,24.0,3,3,1747.0,1,2,4.0,3,2,1.0,2,24.0,none,own,1.0,unskilled resident,1.0,none,no,good
2,9.0,3,4,1670.0,1,2,4.0,2,1,2.0,3,22.0,none,own,1.0,skilled,1.0,yes,yes,bad
4,9.0,5,1,1224.0,1,3,3.0,3,1,1.0,1,30.0,none,own,2.0,skilled,1.0,none,yes,good
4,12.0,5,4,522.0,3,5,4.0,3,1,4.0,2,42.0,none,own,2.0,skilled,2.0,yes,yes,good
1,12.0,3,4,1498.0,1,3,4.0,2,1,1.0,3,23.0,bank,own,1.0,skilled,1.0,none,yes,good
2,30.0,4,4,1919.0,2,2,4.0,3,1,3.0,4,30.0,stores,own,2.0,high qualif/self emp/mgmt,1.0,none,yes,bad
3,9.0,3,4,745.0,1,3,3.0,2,1,2.0,1,28.0,none,own,1.0,unskilled resident,1.0,none,yes,bad
2,6.0,3,4,2063.0,1,2,4.0,4,1,3.0,3,30.0,none,rent,1.0,high qualif/self emp/mgmt,1.0,yes,yes,good
2,60.0,3,7,6288.0,1,3,4.0,3,1,4.0,4,42.0,none,for free,1.0,skilled,1.0,none,yes,bad
4,24.0,5,2,6842.0,5,3,2.0,3,1,4.0,2,46.0,none,own,2.0,high qualif/self emp/mgmt,2.0,yes,yes,good
4,12.0,3,1,3527.0,5,2,2.0,3,1,3.0,2,45.0,none,own,1.0,high qualif/self emp/mgmt,2.0,yes,yes,good
4,10.0,3,1,1546.0,1,3,3.0,3,1,2.0,1,31.0,none,own,1.0,unskilled resident,2.0,none,no,good
4,24.0,3,3,929.0,5,4,4.0,3,1,2.0,3,31.0,stores,own,1.0,skilled,1.0,yes,yes,good
4,4.0,5,1,1455.0,1,4,2.0,3,1,1.0,1,42.0,none,own,3.0,unskilled resident,2.0,none,yes,good
1,15.0,3,3,1845.0,1,2,4.0,2,3,1.0,2,46.0,none,rent,1.0,skilled,1.0,none,yes,good
2,48.0,1,1,8358.0,3,2,1.0,2,1,1.0,3,30.0,none,own,2.0,skilled,1.0,none,yes,good
1,24.0,2,3,3349.0,3,2,4.0,3,1,4.0,4,30.0,none,for free,1.0,skilled,2.0,yes,yes,bad
4,12.0,3,1,2859.0,5,1,4.0,3,1,4.0,4,38.0,none,own,1.0,high qualif/self emp/mgmt,1.0,yes,yes,good
4,18.0,3,3,1533.0,1,2,4.0,4,2,1.0,2,43.0,none,own,1.0,unskilled resident,2.0,none,yes,bad
4,24.0,3,4,3621.0,2,5,2.0,3,1,4.0,3,31.0,none,own,2.0,skilled,1.0,none,yes,bad
2,18.0,5,9,3590.0,1,1,3.0,4,1,3.0,3,40.0,none,own,3.0,unemp/unskilled non res,2.0,yes,yes,good
1,36.0,4,9,2145.0,1,4,2.0,3,1,1.0,3,24.0,none,own,2.0,skilled,1.0,yes,yes,bad
2,24.0,3,2,4113.0,3,2,3.0,2,1,4.0,3,28.0,none,rent,1.0,skilled,1.0,none,yes,bad
4,36.0,3,3,10974.0,1,1,4.0,2,1,2.0,3,26.0,none,own,2.0,high qualif/self emp/mgmt,1.0,yes,yes,bad
1,12.0,3,1,1893.0,1,3,4.0,2,3,4.0,2,29.0,none,own,1.0,skilled,1.0,yes,yes,good
1,24.0,5,4,1231.0,4,5,4.0,2,1,4.0,2,57.0,none,rent,2.0,high qualif/self emp/mgmt,1.0,yes,yes,good
3,30.0,5,4,3656.0,5,5,4.0,3,1,4.0,2,49.0,stores,own,2.0,unskilled resident,1.0,none,yes,good
2,9.0,5,4,1154.0,1,5,2.0,3,1,4.0,1,37.0,none,own,3.0,unskilled resident,1.0,none,yes,good
1,28.0,3,1,4006.0,1,3,3.0,3,1,2.0,3,45.0,none,own,1.0,unskilled resident,1.0,none,yes,bad
2,24.0,3,3,3069.0,2,5,4.0,3,1,4.0,4,30.0,none,for free,1.0,skilled,1.0,none,yes,good
4,6.0,5,4,1740.0,1,5,2.0,4,1,2.0,1,30.0,none,rent,2.0,skilled,1.0,none,yes,good
2,21.0,4,1,2353.0,1,3,1.0,1,1,4.0,2,47.0,none,own,2.0,skilled,1.0,none,yes,good
4,15.0,3,1,3556.0,5,3,3.0,3,1,2.0,4,29.0,none,own,1.0,skilled,1.0,none,yes,good
4,24.0,3,4,2397.0,3,5,3.0,3,1,2.0,3,35.0,bank,own,2.0,skilled,1.0,yes,yes,bad
2,6.0,3,6,454.0,1,2,3.0,4,1,1.0,2,22.0,none,own,1.0,unskilled resident,1.0,none,yes,good
2,30.0,3,4,1715.0,5,3,4.0,2,1,1.0,3,26.0,none,own,1.0,skilled,1.0,none,yes,good
2,27.0,5,4,2520.0,3,3,4.0,3,1,2.0,2,23.0,none,own,2.0,unskilled resident,1.0,none,yes,bad
4,15.0,3,4,3568.0,1,5,4.0,2,1,2.0,3,54.0,bank,rent,1.0,high qualif/self emp/mgmt,1.0,yes,yes,good
4,42.0,3,4,7166.0,5,4,2.0,4,1,4.0,2,29.0,none,rent,1.0,skilled,1.0,yes,yes,good
1,11.0,5,1,3939.0,1,3,1.0,3,1,2.0,1,40.0,none,own,2.0,unskilled resident,2.0,none,yes,good
2,15.0,3,6,1514.0,2,3,4.0,3,3,2.0,1,22.0,none,own,1.0,skilled,1.0,none,yes,good
4,24.0,3,1,7393.0,1,3,1.0,3,1,4.0,2,43.0,none,own,1.0,unskilled resident,2.0,none,yes,good
1,24.0,2,1,1193.0,1,1,1.0,2,2,4.0,4,29.0,none,rent,2.0,unemp/unskilled non res,1.0,none,yes,bad
1,60.0,3,9,7297.0,1,5,4.0,3,2,4.0,4,36.0,none,rent,1.0,skilled,1.0,none,yes,bad
4,30.0,5,4,2831.0,1,3,4.0,2,1,2.0,3,33.0,none,own,1.0,skilled,1.0,yes,yes,good
3,24.0,3,4,1258.0,3,3,3.0,2,1,3.0,3,57.0,none,own,1.0,unskilled resident,1.0,none,yes,good
2,6.0,3,4,753.0,1,3,2.0,2,3,3.0,1,64.0,none,own,1.0,skilled,1.0,none,yes,good
2,18.0,4,9,2427.0,5,5,4.0,3,1,2.0,2,42.0,none,own,2.0,skilled,1.0,none,yes,good
4,24.0,4,1,2538.0,1,5,4.0,3,1,4.0,3,47.0,none,own,2.0,unskilled resident,2.0,none,yes,bad
2,15.0,2,1,1264.0,2,3,2.0,4,1,2.0,2,25.0,none,rent,1.0,skilled,1.0,none,yes,bad
2,30.0,5,3,8386.0,1,4,2.0,3,1,2.0,2,49.0,none,own,1.0,skilled,1.0,none,yes,bad
4,48.0,3,9,4844.0,1,1,3.0,3,1,2.0,3,33.0,bank,rent,1.0,high qualif/self emp/mgmt,1.0,yes,yes,bad
3,21.0,3,1,2923.0,2,3,1.0,2,1,1.0,3,28.0,bank,own,1.0,high qualif/self emp/mgmt,1.0,yes,yes,good
1,36.0,3,2,8229.0,1,3,2.0,3,1,2.0,2,26.0,none,own,1.0,skilled,2.0,none,yes,bad
4,24.0,5,3,2028.0,1,4,2.0,3,1,2.0,2,30.0,none,own,2.0,unskilled resident,1.0,none,yes,good
1,15.0,5,3,1433.0,1,3,4.0,2,1,3.0,2,25.0,none,rent,2.0,skilled,1.0,none,yes,good
3,42.0,1,9,6289.0,1,2,2.0,1,1,1.0,2,33.0,none,own,2.0,skilled,1.0,none,yes,good
4,13.0,3,4,1409.0,2,1,2.0,2,1,4.0,1,64.0,none,own,1.0,skilled,1.0,none,yes,good
1,24.0,3,2,6579.0,1,1,4.0,3,1,2.0,4,29.0,none,for free,1.0,high qualif/self emp/mgmt,1.0,yes,yes,good
2,24.0,5,4,1743.0,1,5,4.0,3,1,2.0,2,48.0,none,own,2.0,unskilled resident,1.0,none,yes,good
4,12.0,5,7,3565.0,5,2,2.0,3,1,1.0,2,37.0,none,own,2.0,unskilled resident,2.0,none,yes,good
4,15.0,2,4,1569.0,2,5,4.0,3,1,4.0,3,34.0,bank,own,1.0,unskilled resident,2.0,none,yes,good
1,18.0,3,4,1936.0,5,4,2.0,4,1,4.0,3,23.0,none,rent,2.0,unskilled resident,1.0,none,yes,good
1,36.0,3,3,3959.0,1,1,4.0,3,1,3.0,2,30.0,none,own,1.0,high qualif/self emp/mgmt,1.0,yes,yes,good
4,12.0,3,1,2390.0,5,5,4.0,3,1,3.0,3,50.0,none,own,1.0,skilled,1.0,yes,yes,good
4,12.0,3,3,1736.0,1,4,3.0,2,1,4.0,1,31.0,none,own,1.0,unskilled resident,1.0,none,yes,good
1,30.0,3,2,3857.0,1,3,4.0,1,1,4.0,2,40.0,none,own,1.0,high qualif/self emp/mgmt,1.0,yes,yes,good
4,12.0,3,4,804.0,1,5,4.0,3,1,4.0,3,38.0,none,own,1.0,skilled,1.0,none,yes,good
1,45.0,3,4,1845.0,1,3,4.0,3,1,4.0,4,23.0,none,for free,1.0,skilled,1.0,yes,yes,bad
2,45.0,5,2,4576.0,2,1,3.0,3,1,4.0,3,27.0,none,own,1.0,skilled,1.0,none,yes,good
